0	-0.51637243	-0.473694136	0.981663474	0	-0.866025404	0.866025404
5.00E-05	-0.415814704	-0.488038706	0.878808023	0.008004307	-0.869999814	0.861995507
0.0001	-0.419353322	-0.500335509	0.904826958	0.017312355	-0.87455179	0.857239435
0.00015	-0.464320795	-0.512439095	0.975865205	0.026244682	-0.878849442	0.852604759
0.0002	-0.503918515	-0.526066615	1.036068342	0.034144414	-0.882592639	0.848448226
0.00025	-0.511827925	-0.540330233	1.055989394	0.041109934	-0.885848258	0.844738324
0.0003	-0.477544858	-0.554024567	1.025969576	0.04766106	-0.888871753	0.841210693
0.00035	-0.437881889	-0.56641231	0.992331808	0.054482449	-0.891980345	0.837497896
0.0004	-0.413278458	-0.578026924	0.978514668	0.061651157	-0.895203592	0.833552436
0.00045	-0.398985093	-0.589926141	0.977434269	0.068915197	-0.898424046	0.829508849
0.0005	-0.385718247	-0.602370581	0.977404237	0.076107794	-0.901567477	0.825459683
0.00055	-0.370445698	-0.614893705	0.974678582	0.083217253	-0.90463016	0.821412907
0.0006	-0.354462823	-0.627077164	0.970780509	0.09028083	-0.907629272	0.817348442
0.00065	-0.339091254	-0.638888759	0.967301566	0.097313173	-0.910571669	0.813258496
0.0007	-0.324371158	-0.650488763	0.964341559	0.104306802	-0.913454781	0.80914798
0.00075	-0.309822031	-0.661978901	0.961378099	0.111253749	-0.91627602	0.805022272
0.0008	-0.295170735	-0.673351221	0.958106646	0.118154083	-0.919036174	0.800882091
0.00085	-0.280418521	-0.684561796	0.954528975	0.125012291	-0.921737747	0.796725456
0.0009	-0.265633459	-0.695588842	0.950725524	0.131832695	-0.924383065	0.79255037
0.00095	-0.250833961	-0.706435034	0.946723525	0.138618414	-0.926973886	0.788355472
0.001	-0.236000562	-0.717107413	0.94250645	0.145372239	-0.929511763	0.784139524
0.00105	-0.221116115	-0.727606444	0.93805707	0.152097281	-0.931998296	0.779901015
0.0011	-0.206178586	-0.737927717	0.93337246	0.158796929	-0.934435102	0.775638173
0.00115	-0.191193224	-0.748066684	0.928456812	0.165474594	-0.93682372	0.771349127
0.0012	-0.176164599	-0.758020439	0.923313432	0.172133598	-0.939165573	0.767031975
0.00125	-0.161095251	-0.767786985	0.917943316	0.178777185	-0.941461969	0.762684784
0.0013	-0.14598742	-0.777364261	0.912346898	0.185408558	-0.94371412	0.758305562
0.00135	-0.130844104	-0.78674991	0.906525189	0.192030878	-0.945923144	0.753892265
0.0014	-0.115668888	-0.795941493	0.900479705	0.198647257	-0.948090057	0.749442801
0.00145	-0.100465493	-0.804936674	0.894212065	0.205260737	-0.950215776	0.744955039
0.0015	-0.085237582	-0.813733235	0.887723838	0.211874297	-0.952301114	0.740426817
0.00155	-0.069988799	-0.822329025	0.881016591	0.218490843	-0.954346785	0.735855941
0.0016	-0.054722834	-0.830721931	0.874091955	0.225113212	-0.956353401	0.731240189
0.00165	-0.039443419	-0.838909876	0.86695164	0.231744165	-0.958321477	0.726577311
0.0017	-0.024154311	-0.846890834	0.859597415	0.238386388	-0.960251425	0.721865037
0.00175	-0.006843235	-0.562765202	0.610632804	0.245042486	-0.96214356	0.717101074
0.0018	0.005854481	-0.666993724	0.66147733	0.252592165	-0.964238741	0.711646576
0.00185	0.018520573	-0.872771226	0.811334989	0.260026138	-0.966248566	0.706222428
0.0019	0.035119329	-1.03548285	0.939454523	0.266900432	-0.968059777	0.701159345
0.00195	0.053267936	-1.097837749	0.992386464	0.273251678	-0.969692547	0.696440869
0.002	0.070251187	-1.026614422	0.935725114	0.279344159	-0.971221916	0.691877757
0.00205	0.084925955	-0.931633352	0.849298765	0.285609639	-0.972756837	0.687147197
0.0021	0.098121496	-0.892043176	0.79979226	0.292196554	-0.974328849	0.682132295
0.00215	0.111991448	-0.897858447	0.784892013	0.298974866	-0.975901689	0.676926823
0.0022	0.127337272	-0.914510785	0.779799719	0.305814139	-0.977442262	0.671628123
0.00225	0.143304372	-0.924574837	0.77118461	0.312682262	-0.978942099	0.666259837
0.0023	0.158916832	-0.928437164	0.758985639	0.319596131	-0.980403778	0.660807647
0.00235	0.173989027	-0.931194873	0.746633155	0.326566698	-0.981828182	0.655261484
0.0024	0.188841825	-0.935226094	0.735520789	0.333589589	-0.983212879	0.649623291
0.00245	0.203735465	-0.940140223	0.725137017	0.340657537	-0.984554985	0.643897448
0.0025	0.218687942	-0.944967116	0.714724298	0.347768051	-0.985852644	0.638084592
0.00255	0.233609537	-0.949301294	0.704013067	0.354922315	-0.987104667	0.632182352
0.0026	0.248444728	-0.953221736	0.693066727	0.36212196	-0.988309866	0.626187907
0.00265	0.263195085	-0.956892487	0.681979492	0.369367801	-0.989466834	0.620099033
0.0027	0.277878694	-0.960374432	0.670770421	0.376660195	-0.990574027	0.613913832
0.00275	0.292501353	-0.963648298	0.659417683	0.383999536	-0.99162985	0.607630313
0.0028	0.30705665	-0.9666846	0.64790409	0.39138633	-0.992632658	0.601246328
0.00285	0.321536269	-0.969473311	0.636227965	0.398821052	-0.993580738	0.594759687
0.0029	0.33593517	-0.972017822	0.624394602	0.40630405	-0.994472292	0.588168242
0.00295	0.350250622	-0.974322582	0.612408715	0.413835535	-0.995305434	0.581469899
0.003	0.364479958	-0.976388459	0.600273065	0.421415605	-0.996078203	0.574662598
0.00305	0.378619784	-0.978214154	0.587989829	0.429044251	-0.996788559	0.567744308
0.0031	0.392666361	-0.979798373	0.575561574	0.436721359	-0.997434386	0.560713028
0.00315	0.40661604	-0.981140541	0.562991293	0.444446696	-0.998013494	0.553566798
0.0032	0.420465359	-0.982240495	0.55028214	0.452219915	-0.998523617	0.546303702
0.00325	0.434210943	-0.983098116	0.537437269	0.460040551	-0.998962418	0.538921867
0.0033	0.44784942	-0.983713219	0.524459831	0.467908022	-0.99932749	0.531419468
0.00335	0.461377418	-0.984085622	0.511353006	0.47582163	-0.999616357	0.523794727
0.0034	0.474791584	-0.984215209	0.498120016	0.483780559	-0.999826476	0.516045917
0.00345	0.488088603	-0.984101946	0.484764125	0.491783873	-0.999955241	0.508171367
0.0035	0.501265195	-0.983745867	0.471288629	0.49983052	-0.999999981	0.50016946
0.00355	0.51431811	-0.983147065	0.45769685	0.507919328	-0.999957966	0.492038638
0.0036	0.527244125	-0.982305688	0.443992143	0.516049007	-0.999826409	0.483777402
0.00365	0.540040053	-0.981221941	0.430177889	0.524218146	-0.999602464	0.475384318
0.0037	0.552702733	-0.979896093	0.416257495	0.532425217	-0.999283234	0.466858017
0.00375	0.565229043	-0.97832847	0.402234396	0.540668572	-0.998865769	0.458197197
0.0038	0.577615892	-0.976519458	0.388112051	0.548946444	-0.998347072	0.449400628
0.00385	0.589860222	-0.974469506	0.373893946	0.557256949	-0.997724101	0.440467152
0.0039	0.601959013	-0.972179117	0.359583589	0.565598081	-0.996993768	0.431395687
0.00395	0.61390928	-0.969648858	0.34518451	0.573967718	-0.996152946	0.422185228
0.004	0.625708074	-0.966879353	0.330700261	0.582363619	-0.995198472	0.412834853
0.00405	0.637352484	-0.963871285	0.316134418	0.590783426	-0.994127148	0.403343721
0.0041	0.648839636	-0.960625396	0.301490573	0.599224665	-0.992935742	0.393711078
0.00415	0.660166698	-0.957142487	0.28677234	0.607684742	-0.991620999	0.383936256
0.0042	0.671330872	-0.953423417	0.27198335	0.616160951	-0.990179634	0.374018683
0.00425	0.682329406	-0.949469105	0.257127253	0.624650469	-0.988608344	0.363957875
0.0043	0.693159586	-0.945280526	0.242207713	0.633150359	-0.986903806	0.353753447
0.00435	0.703818738	-0.940858713	0.227228413	0.641657571	-0.985062683	0.343405112
0.0044	0.714304234	-0.936204757	0.212193047	0.650168944	-0.983081629	0.332912685
0.00445	0.724613485	-0.931319806	0.197105326	0.658681203	-0.980957287	0.322276084
0.0045	0.73474395	-0.926205067	0.181968972	0.667190967	-0.978686299	0.311495332
0.00455	0.744693127	-0.9208618	0.16678772	0.675694744	-0.976265307	0.300570563
0.0046	0.754458562	-0.915291324	0.151565316	0.684188936	-0.973690957	0.289502021
0.00465	0.764037846	-0.909495014	0.136305516	0.69266984	-0.970959903	0.278290063
0.0047	0.773428614	-0.9034743	0.121012084	0.70113365	-0.968068812	0.266935162
0.00475	0.782628551	-0.897230668	0.105688794	0.709576456	-0.965014366	0.25543791
0.0048	0.791635386	-0.890765657	0.090339428	0.717994251	-0.96179327	0.243799019
0.00485	0.800446897	-0.884080863	0.074967771	0.726382929	-0.958402251	0.232019322
0.0049	0.809060909	-0.877177935	0.059577618	0.734738288	-0.954838068	0.22009978
0.00495	0.817475298	-0.870058577	0.044172765	0.743056034	-0.951097511	0.208041477
0.005	0.825687986	-0.862724545	0.028757013	0.751331782	-0.947177409	0.195845627
0.00505	0.833696949	-0.855177649	0.013334165	0.759561058	-0.943074635	0.183513576
0.0051	0.585769773	-0.482796474	0.002921363	0.767739305	-0.938786106	0.171046801
0.00515	0.629314053	-0.455517521	-0.116393715	0.775589327	-0.934462659	0.158873331
0.0052	0.737135723	-0.449067913	-0.275324376	0.784246452	-0.929448199	0.145201747
0.00525	0.782430348	-0.446309748	-0.338638049	0.794109957	-0.923402803	0.129292846
0.0053	0.761796402	-0.441989522	-0.318624208	0.804304058	-0.916759877	0.112455819
0.00535	0.722903341	-0.436243531	-0.279660368	0.814085039	-0.909983035	0.095897995
0.0054	0.701534318	-0.430372395	-0.264129721	0.823296547	-0.903214237	0.07991769
0.00545	0.703452567	-0.424981235	-0.27601851	0.832143129	-0.896335409	0.06419228
0.0055	0.716987053	-0.419886833	-0.299684095	0.840849313	-0.889177603	0.048328289
0.00555	0.730218235	-0.414677888	-0.321074882	0.849502007	-0.881653351	0.032151344
0.0056	0.738668484	-0.409128214	-0.335888958	0.85807362	-0.87376397	0.01569035
0.00565	0.743793417	-0.403255499	-0.346711157	0.866504854	-0.865545156	-0.000959699
0.0057	0.749023412	-0.398901474	-0.356647261	0.874757587	-0.857020752	-0.017736835
0.00575	0.773168485	-0.447922595	-0.347011964	0.882815123	-0.84819755	-0.034617573
0.0058	0.820148125	-0.551764019	-0.314396724	0.890491642	-0.839287033	-0.051204609
0.00585	0.873175091	-0.658424395	-0.276904761	0.897597896	-0.830556086	-0.06704181
0.0059	0.91609313	-0.727003817	-0.25146385	0.904123933	-0.822088905	-0.082035027
0.00595	0.941330742	-0.744258649	-0.246134452	0.91020131	-0.813779036	-0.096422274
0.006	0.950087854	-0.720535019	-0.259473237	0.916008173	-0.805418494	-0.110589678
0.00605	0.948562819	-0.677091153	-0.284103954	0.921686222	-0.79680573	-0.124880492
0.0061	0.943702186	-0.633913321	-0.311473714	0.927301033	-0.787818059	-0.139482973
0.00615	0.940422362	-0.602753357	-0.335436103	0.932846228	-0.778430224	-0.154416004
0.0062	0.940733144	-0.586029899	-0.3536189	0.938273612	-0.768689759	-0.169583853
0.00625	0.944270343	-0.579682486	-0.366826367	0.943527342	-0.758673267	-0.184854075
0.0063	0.949450312	-0.577318016	-0.377448881	0.948566946	-0.748446857	-0.200120089
0.00635	0.954578467	-0.5735658	-0.387892005	0.953374613	-0.738044602	-0.215330011
0.0064	0.958538571	-0.565694213	-0.399634688	0.957950441	-0.7274671	-0.230483341
0.00645	0.960986935	-0.553579262	-0.413030629	0.962302693	-0.716693583	-0.24560911
0.0065	0.962179937	-0.538700977	-0.427626075	0.966439073	-0.705697936	-0.260741137
0.00655	0.962644108	-0.522938224	-0.442658515	0.970362062	-0.69446099	-0.275901072
0.0066	0.962873879	-0.507698394	-0.457469866	0.9740684	-0.682975682	-0.291092718
0.00665	0.963159907	-0.49357597	-0.471711489	0.977551109	-0.67124575	-0.306305359
0.0067	0.963561754	-0.480456054	-0.485348676	0.980802133	-0.659280852	-0.321521281
0.00675	0.963978555	-0.46784454	-0.498544982	0.983814263	-0.647091286	-0.336722977
0.0068	0.964252128	-0.455208822	-0.511518929	0.986581887	-0.63468449	-0.351897397
0.00685	0.964250411	-0.442195912	-0.524438124	0.989100794	-0.622063984	-0.36703681
0.0069	0.963907369	-0.428694836	-0.537375347	0.991367535	-0.609230267	-0.382137269
0.00695	0.963221682	-0.41478239	-0.550318066	0.993378817	-0.596182597	-0.39719622
0.007	0.962231334	-0.400619745	-0.56320628	0.995131155	-0.582920651	-0.412210504
0.00705	0.960983525	-0.386358798	-0.575973054	0.996620826	-0.569445474	-0.427175352
0.0071	0.959513233	-0.372089762	-0.588571396	0.997843999	-0.555759622	-0.442084377
0.00715	0.957835062	-0.357833205	-0.600982823	0.998796906	-0.541866739	-0.456930167
0.0072	0.955946115	-0.343561648	-0.613211727	0.999475964	-0.527770952	-0.471705012
0.00725	0.953834341	-0.329230644	-0.625273369	0.999877817	-0.513476371	-0.486401446
0.0073	0.951486984	-0.314803762	-0.637182605	0.999999316	-0.498986854	-0.501012462
0.00735	0.948895925	-0.300264489	-0.648947314	0.999837482	-0.484306019	-0.515531463
0.0074	0.946059122	-0.285615813	-0.660567128	0.999389477	-0.469437414	-0.529952062
0.00745	0.942979208	-0.270872602	-0.672035803	0.998652595	-0.454384712	-0.544267883
0.0075	0.939660898	-0.256052573	-0.683344884	0.997624277	-0.439151844	-0.558472433
0.00755	0.936108682	-0.241169825	-0.694486737	0.996302128	-0.423743053	-0.572559075
0.0076	0.932325551	-0.226232351	-0.70545607	0.994683929	-0.408162868	-0.586521061
0.00765	0.928312824	-0.211242868	-0.716249969	0.992767646	-0.392416037	-0.600351609
0.0077	0.924070695	-0.196201311	-0.726867035	0.990551431	-0.376507469	-0.614043963
0.00775	0.919599017	-0.181107385	-0.737306315	0.988033617	-0.360442187	-0.627591429
0.0078	0.914897908	-0.165962178	-0.747566508	0.985212714	-0.344225324	-0.64098739
0.00785	0.90996804	-0.150768602	-0.757645642	0.982087416	-0.327862122	-0.654225294
0.0079	0.904810628	-0.135530981	-0.767541152	0.978656601	-0.311357956	-0.667298645
0.00795	0.899427229	-0.120254262	-0.777250164	0.974919335	-0.294718342	-0.680200992
0.008	0.893819521	-0.104943325	-0.786769805	0.97087488	-0.277948946	-0.692925935
0.00805	0.887989147	-0.089602588	-0.796097399	0.966522698	-0.261055575	-0.705467123
0.0081	0.881937648	-0.074235954	-0.805230535	0.961862447	-0.244044172	-0.717818275
0.00815	0.87566649	-0.058846979	-0.814167017	0.956893986	-0.226920803	-0.729973184
0.0082	0.869177127	-0.0434391	-0.822904779	0.951617374	-0.209691645	-0.741925729
0.00825	0.86247106	-0.02801582	-0.831441796	0.946032868	-0.192362983	-0.753669885
0.0083	0.855549879	-0.012580799	-0.839776044	0.940140924	-0.174941199	-0.765199725
0.00835	0.848981142	0.001102473	-0.847224612	0.9339422	-0.157432773	-0.776509427
0.0084	0.720113011	-0.087159165	-0.626298153	0.927446411	-0.139867735	-0.787578676
0.00845	0.672906044	-0.133734627	-0.537866012	0.921418864	-0.124197235	-0.797221628
0.0085	0.660496476	-0.160283011	-0.504708379	0.915559845	-0.1094803	-0.806079545
0.00855	0.653868352	-0.165058001	-0.493500174	0.909742971	-0.095322051	-0.814420919
0.0086	0.64117819	-0.150367567	-0.490577786	0.903854337	-0.081406584	-0.822447753
0.00865	0.622014498	-0.124761506	-0.490655734	0.897786909	-0.067469805	-0.830317103
0.0087	0.600803253	-0.09776941	-0.491925706	0.891469343	-0.053354999	-0.838114344
0.00875	0.581840374	-0.075492083	-0.493850565	0.88487866	-0.039025997	-0.845852663
0.0088	0.567008048	-0.059411942	-0.496223659	0.878029712	-0.024529793	-0.85349992
0.00885	0.555780803	-0.047732116	-0.498854365	0.870952953	-0.009940679	-0.861012274
0.0089	0.54639689	-0.037577171	-0.501536055	0.863674272	0.004683269	-0.868357541
0.00895	0.542721324	-0.010583477	-0.523451919	0.856204801	0.019317987	-0.875522789
0.009	0.570556902	0.08492142	-0.638882676	0.848421743	0.034194419	-0.882616161
0.00905	0.620324289	0.186970026	-0.789406358	0.839798291	0.050264786	-0.890063077
0.0091	0.667438136	0.244420471	-0.90154928	0.830240976	0.067606081	-0.897847058
0.00915	0.69484528	0.257734414	-0.951528841	0.820065718	0.085566944	-0.905632661
0.0092	0.699237778	0.254141097	-0.956582007	0.80962088	0.103505922	-0.913126801
0.00925	0.687217837	0.256733817	-0.945234031	0.799056036	0.121175437	-0.920231473
0.0093	0.668377573	0.27204495	-0.936725918	0.788330425	0.138658731	-0.926989157
0.00935	0.65011676	0.294534873	-0.936676865	0.777339251	0.156131042	-0.933470293
0.0094	0.635742782	0.31633362	-0.942405907	0.766018226	0.173688343	-0.939706569
0.00945	0.625128909	0.33344185	-0.949486325	0.754371098	0.191315273	-0.945686371
0.0095	0.616443867	0.346405058	-0.95524471	0.742440894	0.208939996	-0.95138089
0.00955	0.60774085	0.357877402	-0.959134978	0.730269826	0.226497985	-0.956767811
0.0096	0.597838142	0.370108175	-0.961706478	0.717877511	0.243961658	-0.96183917
0.00965	0.586476645	0.383868888	-0.963627275	0.705261833	0.261335133	-0.966596966
0.0097	0.574028594	0.398723587	-0.965281221	0.6924115	0.278634018	-0.971045518
0.00975	0.561077974	0.413826746	-0.966793091	0.679317953	0.29586863	-0.975186583
0.0098	0.548096984	0.428551794	-0.968174864	0.665980589	0.313037871	-0.97901846
0.00985	0.535305867	0.442699801	-0.969416021	0.652405723	0.330131717	-0.98253744
0.0099	0.52269367	0.456389749	-0.970499793	0.638602754	0.347136837	-0.98573959
0.00995	0.510123489	0.469846152	-0.971394713	0.624580708	0.364041077	-0.988621785
0.01	0.497444231	0.483241137	-0.972058062	0.610346613	0.380835264	-0.991181877
0.01005	0.484560799	0.496639677	-0.972453046	0.595905564	0.397512831	-0.993418395
0.0101	0.471451435	0.510021248	-0.972563984	0.581261664	0.414068507	-0.995330171
0.01015	0.458147248	0.523328934	-0.972398185	0.566419012	0.430497106	-0.996916117
0.0102	0.444698316	0.536510042	-0.971975698	0.551382303	0.446792874	-0.998175177
0.01025	0.431146142	0.54953489	-0.971315831	0.536156965	0.462949412	-0.999106376
0.0103	0.417511324	0.562396846	-0.970428579	0.52074898	0.478959924	-0.999708903
0.01035	0.403795228	0.575102961	-0.969313644	0.5051646	0.494817556	-0.999982156
0.0104	0.389989028	0.587663562	-0.967964723	0.489410113	0.510515644	-0.999925757
0.01045	0.376083201	0.600085401	-0.966374938	0.473491728	0.526047809	-0.999539537
0.0105	0.362073285	0.612369337	-0.964540352	0.457415575	0.541407947	-0.998823522
0.01055	0.347961054	0.624511379	-0.962460699	0.441187768	0.556590145	-0.997777913
0.0106	0.333752576	0.636505187	-0.960138173	0.424814484	0.571588606	-0.996403091
0.01065	0.3194553	0.648344442	-0.957575653	0.408302007	0.586397606	-0.994699613
0.0107	0.305075815	0.66002421	-0.954775426	0.391656738	0.601011483	-0.992668221
0.01075	0.29061894	0.671541196	-0.951738743	0.374885178	0.615424665	-0.990309843
0.0108	0.276087955	0.682893236	-0.948466059	0.357993894	0.629631694	-0.987625588
0.01085	0.26148539	0.694078562	-0.944957531	0.340989495	0.643627248	-0.984616743
0.0109	0.246813798	0.705095226	-0.941213452	0.323878611	0.657406155	-0.981284766
0.01095	0.232076192	0.715940854	-0.937234458	0.306667891	0.670963394	-0.977631285
0.011	0.21727611	0.7266127	-0.93302153	0.289364003	0.684294087	-0.97365809
0.01105	0.202417439	0.737107851	-0.928575864	0.271973637	0.6973935	-0.969367137
0.0111	0.18750417	0.747423434	-0.92389874	0.254503504	0.710257039	-0.964760543
0.01115	0.172540225	0.757556737	-0.918991431	0.236960332	0.722880251	-0.959840583
0.0112	0.157529388	0.76750523	-0.913855182	0.219350857	0.73525883	-0.954609687
0.01125	0.142475332	0.777266521	-0.908491232	0.201681818	0.747388619	-0.949070438
0.0113	0.127381682	0.786838289	-0.902900853	0.183959949	0.759265615	-0.943225563
0.01135	0.112252078	0.796218238	-0.89708538	0.16619197	0.770885966	-0.937077935
0.0114	0.097090208	0.80540408	-0.891046227	0.148384587	0.782245977	-0.930630564
0.01145	0.081899807	0.814393539	-0.884784887	0.130544485	0.793342108	-0.923886593
0.0115	0.066684645	0.823184373	-0.878302917	0.112678323	0.804170976	-0.916849299
0.01155	0.051448503	0.831774389	-0.87160193	0.094792731	0.814729353	-0.909522083
0.0116	0.03619516	0.840161455	-0.864683591	0.076894306	0.825014166	-0.901908472
0.01165	0.020928387	0.8483435	-0.857549608	0.058989606	0.835022502	-0.894012107
0.0117	0.006242298	0.855852093	-0.850568122	0.041085145	0.844751602	-0.885836747
0.01175	0.062715523	0.587905054	-0.705030107	0.023197484	0.854193616	-0.8773911
0.0118	0.099691361	0.50657311	-0.662046323	0.006811979	0.862599321	-0.8694113
0.01185	0.12372386	0.485518345	-0.652124682	-0.008798982	0.870391369	-0.861592387
0.0119	0.132839616	0.482958427	-0.644503829	-0.023913728	0.877734607	-0.853820879
0.01195	0.128153027	0.485752085	-0.630326416	-0.038757159	0.884753303	-0.845996144
0.012	0.114572969	0.489794417	-0.611369629	-0.05352442	0.891546202	-0.838021782
0.01205	0.097816803	0.493803965	-0.592282745	-0.068336398	0.898169126	-0.829832729
0.0121	0.081841252	0.497412585	-0.576267866	-0.083228098	0.904634798	-0.8214067
0.01215	0.068048177	0.500578028	-0.563894952	-0.098175643	0.910929545	-0.812753903
0.0122	0.055945119	0.503377739	-0.553884435	-0.113136357	0.917033241	-0.803896884
0.01225	0.044331847	0.505914256	-0.544476577	-0.128078597	0.922932135	-0.794853538
0.0123	0.025334773	0.525032668	-0.5388136	-0.142992434	0.928622155	-0.78562972
0.01235	-0.041819331	0.654524403	-0.56591306	-0.157987154	0.934142713	-0.776155559
0.0124	-0.127383379	0.825474073	-0.619078558	-0.173709849	0.939714037	-0.766004188
0.01245	-0.189274529	0.947286725	-0.67413065	-0.190268595	0.945339212	-0.755070617
0.0125	-0.217590437	0.994009017	-0.710658849	-0.207196123	0.950830217	-0.743634094
0.01255	-0.227360702	0.988845134	-0.720060275	-0.224005117	0.956020497	-0.73201538
0.0126	-0.236784263	0.966283924	-0.70595479	-0.24052055	0.960862677	-0.720342127
0.01265	-0.253992628	0.948547674	-0.679222975	-0.256844267	0.965394813	-0.708550546
0.0127	-0.276953504	0.942037313	-0.651374603	-0.27315167	0.969667141	-0.696515471
0.01275	-0.299927122	0.944069275	-0.629739773	-0.28953493	0.973698791	-0.684163861
0.0128	-0.319045794	0.949970419	-0.616075209	-0.305970202	0.97747687	-0.671506668
0.01285	-0.333970062	0.956473841	-0.608036706	-0.322370645	0.980976684	-0.658606038
0.0129	-0.346577482	0.96205629	-0.601817646	-0.338653724	0.984179758	-0.645526034
0.01295	-0.358957313	0.966212267	-0.594349171	-0.354777549	0.987079869	-0.63230232
0.013	-0.372232768	0.968903494	-0.584282583	-0.37074056	0.989679659	-0.6189391
0.01305	-0.386467965	0.970374345	-0.571833507	-0.386561682	0.991984509	-0.605422827
0.0131	-0.40116664	0.971072645	-0.558034389	-0.402260037	0.993998322	-0.591738285
0.01315	-0.415797923	0.971497774	-0.543965325	-0.417844102	0.995722362	-0.57787826
0.0132	-0.430066566	0.972011217	-0.530295449	-0.433310777	0.997156079	-0.563845302
0.01325	-0.443929039	0.972727135	-0.517190367	-0.448649965	0.998298436	-0.549648471
0.0133	-0.457484686	0.973538344	-0.504463992	-0.463850024	0.999148817	-0.535298792
0.01335	-0.470860872	0.974235832	-0.491806249	-0.47890139	0.999707292	-0.520805902
0.0134	-0.484146845	0.974635705	-0.478961766	-0.493797754	0.99997446	-0.506176706
0.01345	-0.497377551	0.974649552	-0.465809486	-0.508535464	0.999951151	-0.491415687
0.0135	-0.510546361	0.974285271	-0.452354618	-0.523112192	0.999638223	-0.476526031
0.01355	-0.523626264	0.97360472	-0.438674053	-0.537525686	0.999036492	-0.461510806
0.0136	-0.53658776	0.97267493	-0.424856798	-0.551773072	0.998146778	-0.446373707
0.01365	-0.549409329	0.971537531	-0.410965	-0.565850711	0.996969983	-0.431119271
0.0137	-0.562080647	0.970202179	-0.397022118	-0.579754459	0.995507143	-0.415752685
0.01375	-0.574600634	0.968656438	-0.383021369	-0.593480035	0.993759448	-0.400279412
0.0138	-0.586973015	0.966880657	-0.368942561	-0.607023339	0.991728205	-0.384704865
0.01385	-0.599201863	0.964859329	-0.354767127	-0.620380586	0.989414811	-0.369034225
0.0139	-0.611288743	0.962585777	-0.340486201	-0.633548297	0.986820726	-0.35327243
0.01395	-0.623231944	0.960061223	-0.326101451	-0.646523204	0.983947465	-0.337424262
0.014	-0.635027313	0.95729112	-0.311621395	-0.659302143	0.980796611	-0.321494468
0.01405	-0.646669744	0.954281422	-0.29705655	-0.671881983	0.977369827	-0.305487843
0.0141	-0.658154467	0.951036308	-0.282415834	-0.684259607	0.97366887	-0.289409264
0.01415	-0.669477693	0.947557616	-0.26770513	-0.696431926	0.969695592	-0.273263666
0.0142	-0.680636612	0.943845455	-0.252927666	-0.708395916	0.965451931	-0.257056015
0.01425	-0.691629011	0.939899262	-0.238085303	-0.72014864	0.960939906	-0.240791266
0.0143	-0.70245282	0.935718694	-0.223179828	-0.731687267	0.956161605	-0.224474339
0.01435	-0.713105811	0.93130408	-0.20821374	-0.743009066	0.951119186	-0.208110121
0.0144	-0.723585507	0.926656435	-0.193190425	-0.754111404	0.945814871	-0.191703467
0.01445	-0.733889243	0.921777228	-0.178113907	-0.764991736	0.940250951	-0.175259215
0.0145	-0.744014295	0.916668088	-0.162988461	-0.775647598	0.934429784	-0.158782186
0.01455	-0.753958001	0.911330588	-0.147818289	-0.786076604	0.928353798	-0.142277194
0.0146	-0.763717817	0.905766173	-0.132607367	-0.796276448	0.922025486	-0.125749038
0.01465	-0.773291321	0.899976182	-0.117359452	-0.80624491	0.915447409	-0.109202499
0.0147	-0.782676189	0.893961932	-0.102078178	-0.81597985	0.908622188	-0.092642338
0.01475	-0.791870158	0.887724795	-0.08676716	-0.825479216	0.901552505	-0.076073289
0.0148	-0.800870998	0.881266239	-0.071430069	-0.83474104	0.894241097	-0.059500056
0.01485	-0.809676505	0.874587844	-0.056070649	-0.84376344	0.886690759	-0.04292732
0.0149	-0.818284501	0.867691279	-0.04069271	-0.852544615	0.878904343	-0.026359728
0.01495	-0.82669285	0.86057828	-0.025300089	-0.861082849	0.870884752	-0.009801903
0.015	-0.834899462	0.85325063	-0.009896625	-0.869376506	0.862634941	0.006741565
0.01505	-0.842226717	0.84672187	0.003898754	-0.877424035	0.854157919	0.023266115
0.0151	-0.657148065	0.667163857	-0.071241525	-0.885212497	0.845469906	0.039742591
0.01515	-0.569940536	0.625578075	-0.114823377	-0.892353669	0.83704599	0.055307679
0.0152	-0.528530806	0.623258244	-0.136900893	-0.898923759	0.828872022	0.070051737
0.01525	-0.508923023	0.622631649	-0.141304632	-0.905046918	0.82085423	0.084192689
0.0153	-0.500141657	0.613974271	-0.132148085	-0.91085345	0.812861327	0.097992123
0.01535	-0.496880169	0.598976272	-0.114958716	-0.916446106	0.804770165	0.111675942
0.0154	-0.496429566	0.582254534	-0.095156593	-0.921883395	0.796498331	0.125385064
0.01545	-0.497364284	0.567268475	-0.076474652	-0.927182681	0.788012682	0.139169999
0.0155	-0.498942404	0.555145193	-0.060412943	-0.932335552	0.779317603	0.153017949
0.01555	-0.50079791	0.545191506	-0.046700023	-0.937325017	0.77043454	0.166890477
0.0156	-0.502763122	0.535993994	-0.03422041	-0.942137303	0.761383957	0.180753345
0.01565	-0.522828571	0.536272655	-0.007371109	-0.9467662	0.752175715	0.194590485
0.0157	-0.623351271	0.580956618	0.07761812	-0.951253426	0.742717876	0.20853555
0.01575	-0.755727865	0.648246289	0.170667871	-0.955744114	0.732656067	0.223088046
0.0158	-0.857947413	0.704041593	0.22571952	-0.960205195	0.721979607	0.238225588
0.01585	-0.909546375	0.729146952	0.241667981	-0.964494357	0.71096748	0.253526877
0.0159	-0.924360533	0.723175519	0.243055986	-0.968515344	0.699858047	0.268657297
0.01595	-0.924740942	0.69747788	0.250929748	-0.972264462	0.688681883	0.283582579
0.016	-0.924851978	0.665917314	0.270502687	-0.97578392	0.677323494	0.298460426
0.01605	-0.928457686	0.638568754	0.295681562	-0.979104331	0.665665857	0.313438474
0.0161	-0.934037277	0.619593059	0.318766466	-0.982223266	0.653678826	0.328544439
0.01615	-0.939612551	0.608229372	0.33629447	-0.985116876	0.641415937	0.343700939
0.0162	-0.944465504	0.601154906	0.349268181	-0.987760597	0.628960836	0.358799762
0.01625	-0.948698279	0.594769557	0.360529376	-0.990141208	0.616377202	0.373764006
0.0163	-0.95243593	0.58662957	0.372357615	-0.992257193	0.603689035	0.388568158
0.01635	-0.955568797	0.575877643	0.385589966	-0.994113062	0.590888373	0.40322469
0.0164	-0.957942766	0.562923263	0.399954625	-0.995713766	0.577954147	0.417759619
0.01645	-0.959579257	0.548785948	0.414780928	-0.997061934	0.564868168	0.432193766
0.0165	-0.96069396	0.534472582	0.429508423	-0.998157742	0.551622579	0.446535163
0.01655	-0.961557062	0.520605058	0.443858691	-0.999000018	0.538219813	0.460780205
0.0166	-0.962347066	0.507339458	0.457789457	-0.999587406	0.524668656	0.47491875
0.01665	-0.963097455	0.494493229	0.471384174	-0.999919034	0.510979715	0.488939319
0.0167	-0.963736119	0.481750453	0.484761115	-0.999994641	0.497162139	0.502832502
0.01675	-0.964161151	0.4688362	0.498020487	-0.99981439	0.483222206	0.516592184
0.0168	-0.964299399	0.455605701	0.511221209	-0.999378589	0.469163467	0.530215123
0.01685	-0.964126609	0.442048249	0.524377585	-0.998687507	0.454987834	0.543699673
0.0169	-0.963656918	0.428238536	0.537469674	-0.997741322	0.440696859	0.557044462
0.01695	-0.962920542	0.414275142	0.550461123	-0.996540184	0.426292692	0.570247492
0.017	-0.961944889	0.400234778	0.563316981	-0.995084311	0.411778467	0.583305844
0.01705	-0.960745349	0.386153334	0.576015086	-0.993374056	0.397158197	0.596215859
0.0171	-0.959324878	0.372030068	0.588548636	-0.991409924	0.382436375	0.608973548
0.01715	-0.95767843	0.357843983	0.60092183	-0.989192538	0.367617563	0.621574975
0.0172	-0.95579839	0.343571267	0.613142793	-0.986722601	0.352706114	0.634016487
0.01725	-0.953678612	0.329196766	0.625217678	-0.984000854	0.337706099	0.646294755
0.0173	-0.951316265	0.314717556	0.637147879	-0.98102807	0.322621377	0.658406693
0.01735	-0.948711747	0.300140478	0.648930259	-0.977805064	0.307455728	0.670349336
0.0174	-0.945867491	0.285476966	0.660559075	-0.974332716	0.29221298	0.682119735
0.01745	-0.942786516	0.270738251	0.672028149	-0.970611986	0.276897069	0.693714917
0.0175	-0.939471363	0.255932565	0.683332328	-0.966643928	0.26151205	0.705131878
0.01755	-0.935923636	0.241064618	0.694467969	-0.962429682	0.246062059	0.716367623
0.0176	-0.932144101	0.226136625	0.705432662	-0.957970471	0.230551274	0.727419196
0.01765	-0.928133085	0.211149862	0.716224617	-0.953267588	0.214983876	0.738283711
0.0177	-0.923890902	0.196105963	0.726842086	-0.948322392	0.199364034	0.748958358
0.01775	-0.919418139	0.181007559	0.737283015	-0.943136305	0.183695902	0.759440403
0.0178	-0.914715743	0.165858294	0.747544977	-0.937710813	0.167983634	0.769727179
0.01785	-0.90978496	0.15066245	0.757625282	-0.93204747	0.152231392	0.779816079
0.0179	-0.904627206	0.135424488	0.767521163	-0.926147902	0.136443352	0.789704549
0.01795	-0.899243941	0.120148713	0.777229927	-0.920013804	0.120623712	0.799390093
0.018	-0.893636607	0.104839132	0.786749045	-0.913646945	0.104776679	0.808870266
0.01805	-0.887806613	0.089499486	0.796076149	-0.907049161	0.088906473	0.818142688
0.0181	-0.881755358	0.074133377	0.805208999	-0.900222357	0.073017316	0.827205041
0.01815	-0.875484277	0.058744392	0.814145425	-0.893168502	0.05711343	0.836055072
0.0182	-0.868994865	0.04333619	0.822883289	-0.885889631	0.041199035	0.844690595
0.01825	-0.862288699	0.027912525	0.831420465	-0.878387841	0.025278348	0.853109493
0.0183	-0.855367431	0.01247723	0.839754843	-0.870665293	0.009355581	0.861309712
0.01835	-0.848811922	-0.001166344	0.84718779	-0.862724212	-0.006565057	0.869289269
0.0184	-0.719947776	0.087073676	0.626278943	-0.854579539	-0.022455002	0.877034541
0.01845	-0.672729036	0.133622229	0.537853267	-0.84702265	-0.036830366	0.883853016
0.0185	-0.660308339	0.160154439	0.504697765	-0.839744165	-0.05036435	0.890108515
0.01855	-0.653676603	0.16492737	0.493490468	-0.832615893	-0.063340968	0.895956861
0.0186	-0.640989828	0.150244216	0.490568815	-0.825494842	-0.076045684	0.901540526
0.01865	-0.621832613	0.124647739	0.490647459	-0.818237333	-0.088742509	0.906979842
0.0187	-0.600627114	0.097662459	0.491917953	-0.81074837	-0.10159259	0.91234096
0.01875	-0.581667288	0.075387499	0.493843067	-0.803000611	-0.114631958	0.917632569
0.0188	-0.566835322	0.059306252	0.496216174	-0.795018349	-0.127809175	0.922827524
0.01885	-0.555606874	0.047623895	0.498846761	-0.786845707	-0.141044522	0.927890229
0.0189	-0.546221476	0.037466745	0.501528312	-0.778519052	-0.154276181	0.932795233
0.01895	-0.541855629	0.012332379	0.521147002	-0.77005396	-0.167478833	0.937532794
0.019	-0.568502374	-0.08156291	0.633741104	-0.761337223	-0.180824243	0.942161465
0.01905	-0.617881213	-0.184605669	0.78450201	-0.751846964	-0.195079676	0.94692664
0.0191	-0.665443886	-0.243904986	0.898728722	-0.741528343	-0.210270928	0.951799271
0.01915	-0.693682649	-0.25835914	0.950769576	-0.730741528	-0.225825155	0.956566683
0.0192	-0.698822263	-0.254866129	0.956909742	-0.719843078	-0.241218592	0.96106167
0.01925	-0.687224414	-0.257015809	0.945724997	-0.70895629	-0.256288368	0.965244659
0.0193	-0.668477931	-0.27192223	0.936943752	-0.698005968	-0.271150829	0.969156797
0.01935	-0.650111178	-0.294302767	0.936605728	-0.686865999	-0.285980477	0.972846476
0.0194	-0.63557802	-0.316226261	0.942200964	-0.675468626	-0.300863057	0.976331683
0.01945	-0.624848465	-0.333513505	0.949283637	-0.663824966	-0.315777497	0.979602463
0.0195	-0.616123087	-0.346580945	0.955098681	-0.651986904	-0.330653187	0.982640091
0.01955	-0.607440129	-0.358057311	0.959039778	-0.640001362	-0.345430527	0.985431889
0.0196	-0.597584204	-0.370235002	0.961637088	-0.627887664	-0.360087185	0.987974848
0.01965	-0.586266162	-0.383939831	0.96356447	-0.615640327	-0.374631477	0.990271803
0.0197	-0.573842445	-0.398766072	0.96521663	-0.603243987	-0.389082371	0.992326358
0.01975	-0.560895681	-0.413869827	0.966724782	-0.590686791	-0.40345331	0.994140101
0.0198	-0.5479055	-0.428610635	0.968102807	-0.577965999	-0.417746424	0.995712423
0.01985	-0.53510164	-0.442774844	0.969340488	-0.565086628	-0.43195499	0.997041618
0.0199	-0.522479998	-0.456473618	0.970421553	-0.552057075	-0.446068921	0.998125996
0.01995	-0.509906228	-0.469930929	0.971315194	-0.538885229	-0.460079169	0.998964398
0.02	-0.497228275	-0.483322276	0.971978865	-0.525576633	-0.473979559	0.999556192
0.02005	-0.484348449	-0.496716411	0.972375223	-0.512134551	-0.487766477	0.999901028
0.0201	-0.471242529	-0.510095085	0.972487685	-0.49856101	-0.501437611	0.999998621
0.02015	-0.457940269	-0.523401903	0.972322843	-0.484857915	-0.514990742	0.999848657
0.0202	-0.444491597	-0.536583582	0.971900523	-0.471027738	-0.528423074	0.999450812
0.02025	-0.430938625	-0.549609534	0.971240256	-0.457073683	-0.541731122	0.998804805
0.0203	-0.417302746	-0.562472429	0.970352436	-0.442999506	-0.554910949	0.997910455
0.02035	-0.403585891	-0.575179009	0.969237088	-0.428809198	-0.567958491	0.996767688
0.0204	-0.389779432	-0.587739624	0.967888031	-0.414506732	-0.580869801	0.995376533
0.02045	-0.375873749	-0.600161218	0.966298335	-0.400095937	-0.593641159	0.993737096
0.0205	-0.361864155	-0.61244486	0.964463932	-0.385580497	-0.606269049	0.991849546
0.02055	-0.347752219	-0.624586697	0.962384437	-0.370964031	-0.618750082	0.989714112
0.0206	-0.333543904	-0.636580433	0.960061987	-0.356250176	-0.631080917	0.987331093
0.02065	-0.319246653	-0.648419718	0.957499467	-0.341442648	-0.643258215	0.984700862
0.0207	-0.304867112	-0.660099563	0.954699197	-0.326545251	-0.655278625	0.981823876
0.02075	-0.290410164	-0.671616617	0.951662469	-0.31156187	-0.667138806	0.978700676
0.0208	-0.275879134	-0.682968691	0.948389759	-0.296496435	-0.678835453	0.975331888
0.02085	-0.261276567	-0.694154016	0.944881229	-0.281352898	-0.690365313	0.971718211
0.0209	-0.246605004	-0.705170656	0.941137164	-0.266135222	-0.701725197	0.967860419
0.02095	-0.23186744	-0.716016255	0.93715819	-0.250847379	-0.71291198	0.963759359
0.021	-0.217067397	-0.72668808	0.932945278	-0.235493354	-0.723922593	0.959415947
0.02105	-0.202208753	-0.737183221	0.928499622	-0.220077154	-0.734754022	0.954831176
0.0211	-0.1872955	-0.747498803	0.923822501	-0.204602809	-0.745403301	0.95000611
0.02115	-0.172331565	-0.757632108	0.918915193	-0.189074374	-0.755867517	0.944941891
0.0212	-0.157320738	-0.767580603	0.913778944	-0.173495924	-0.766143809	0.939639733
0.02125	-0.142266693	-0.777341892	0.908414997	-0.157871551	-0.776229372	0.934100923
0.0213	-0.127173058	-0.786913655	0.902824622	-0.142205361	-0.78612146	0.928326821
0.02135	-0.112043472	-0.796293598	0.897009154	-0.126501467	-0.795817386	0.922318853
0.0214	-0.09688162	-0.805479433	0.890970008	-0.110763996	-0.805314524	0.91607852
0.02145	-0.081691238	-0.814468886	0.884708673	-0.094997079	-0.814610309	0.909607388
0.0215	-0.066476093	-0.823259715	0.878226708	-0.079204857	-0.823702235	0.902907093
0.02155	-0.051239967	-0.831849727	0.871525726	-0.063391475	-0.832587862	0.895979337
0.0216	-0.035986641	-0.840236789	0.864607391	-0.047561084	-0.841264808	0.888825892
0.02165	-0.020719883	-0.84841883	0.857473413	-0.031717837	-0.849730756	0.881448593
0.0217	-0.006063809	-0.855904358	0.850510452	-0.015865889	-0.857983452	0.873849341
0.02175	0.00572701	-0.861166294	0.845056677	-2.00E-05	-0.866015413	0.866035394
0.0218	0.015862831	-0.865358558	0.840246107	0.01576827	-0.873801869	0.858033598
0.02185	0.025181032	-0.86906891	0.835539902	0.031469215	-0.881331087	0.849861873
0.0219	-0.024297654	-0.599880902	0.679220939	0.047067229	-0.888599223	0.841531994
0.02195	-0.052933887	-0.518166571	0.625594095	0.06153976	-0.895153848	0.833614088
0.022	-0.073142252	-0.496834961	0.611279052	0.075458238	-0.901285452	0.825827214
0.02205	-0.083399957	-0.493882935	0.60521502	0.088971697	-0.90707673	0.818105032
0.0221	-0.082424827	-0.496190809	0.595261394	0.1022116	-0.912595551	0.810383951
0.02215	-0.072450869	-0.499740293	0.579997845	0.115331504	-0.917912219	0.802580714
0.0222	-0.057697644	-0.503309627	0.562502538	0.128456233	-0.923078655	0.794622422
0.02225	-0.042002304	-0.506539822	0.546062715	0.141648012	-0.928117352	0.786469339
0.0223	-0.027471372	-0.509363417	0.532210541	0.154910963	-0.933026604	0.778115641
0.02235	-0.014447418	-0.511825136	0.520665	0.168218488	-0.937793556	0.769575068
0.0224	-0.002254965	-0.51400604	0.510225503	0.18154157	-0.94240568	0.76086411
0.02245	0.026784448	-0.556384426	0.510582199	0.194864758	-0.946856181	0.751991422
0.0225	0.10424798	-0.709415316	0.547315037	0.208406652	-0.951212771	0.742806119
0.02255	0.187127079	-0.875769762	0.604408486	0.222712581	-0.95563073	0.732918149
0.0226	0.240037763	-0.978595454	0.65686887	0.237686297	-0.960049971	0.722363674
0.02265	0.261473828	-1.008093182	0.686684605	0.252838689	-0.964306239	0.71146755
0.0227	0.269498678	-0.994323223	0.688731154	0.267793653	-0.968291769	0.700498116
0.02275	0.280527966	-0.970450966	0.669371386	0.28249361	-0.971998284	0.689504674
0.0228	0.299648433	-0.95456409	0.640523108	0.297091268	-0.9754692	0.678377932
0.02285	0.323104605	-0.949950397	0.613116241	0.3117493	-0.978741152	0.666991852
0.0229	0.345186256	-0.952786729	0.593079715	0.32652269	-0.981819345	0.655296655
0.02295	0.362923226	-0.958511024	0.580842015	0.341359861	-0.98468551	0.64332565
0.023	0.376769003	-0.96429428	0.573340104	0.356167521	-0.987317054	0.631149533
0.02305	0.388868031	-0.968925285	0.566720491	0.370872178	-0.989699958	0.61882778
0.0231	0.401148949	-0.972050869	0.558283952	0.38544517	-0.991830848	0.606385678
0.02315	0.414440065	-0.973722857	0.547137543	0.399894349	-0.993712494	0.593818145
0.0232	0.428596061	-0.974261226	0.53381049	0.414242017	-0.995348554	0.581106537
0.02325	0.443058927	-0.974158102	0.519436407	0.42850633	-0.996740701	0.568234371
0.0233	0.457337658	-0.973902403	0.505033552	0.442693284	-0.997888329	0.555195045
0.02335	0.471206098	-0.973799175	0.491141983	0.456797841	-0.9987896	0.541991759
0.0234	0.484671511	-0.973895342	0.477812608	0.4708093	-0.999442576	0.528633276
0.02345	0.49785277	-0.974039659	0.464799088	0.484716577	-0.999845833	0.515129256
0.0235	0.5108738	-0.9740151	0.451786112	0.498511235	-0.999998524	0.501487289
0.02355	0.523810993	-0.973656825	0.4385464	0.512188102	-0.999900149	0.487712047
0.0236	0.536686864	-0.972903831	0.424994811	0.525744339	-0.9995503	0.473805961
0.02365	0.549487071	-0.971784315	0.411162749	0.539178015	-0.998948522	0.459770507
0.0237	0.562181972	-0.970367319	0.397137414	0.552486957	-0.998094309	0.445607352
0.02375	0.574743067	-0.968716371	0.383004974	0.565668198	-0.996987176	0.431318978
0.0238	0.587151568	-0.966865053	0.368818319	0.578717973	-0.995626734	0.41690876
0.02385	0.599399998	-0.9648159	0.354591635	0.591632043	-0.99401273	0.402380687
0.0239	0.611489232	-0.962552953	0.340312542	0.604406079	-0.992145043	0.387738965
0.02395	0.623423729	-0.960056591	0.325959614	0.617035932	-0.990023648	0.372987716
0.024	0.635207313	-0.957313385	0.311516098	0.629517734	-0.987648581	0.358130847
0.02405	0.646840831	-0.954319112	0.296976005	0.641847855	-0.985019928	0.343172073
0.0241	0.658321898	-0.951076741	0.282343386	0.654022798	-0.982137826	0.328115027
0.02415	0.669646023	-0.947592448	0.267627929	0.666039094	-0.979002476	0.312963382
0.0242	0.680808147	-0.94387212	0.252840178	0.677893249	-0.975614165	0.297720916
0.02425	0.691803806	-0.939919516	0.237988427	0.689581736	-0.971973275	0.28239154
0.0243	0.702629595	-0.935736081	0.223077825	0.701101021	-0.968080282	0.266979261
0.02435	0.713283026	-0.931321775	0.208111117	0.712447597	-0.96393575	0.251488154
0.0244	0.723762091	-0.926676151	0.193090037	0.723618007	-0.959540327	0.23592232
0.02445	0.734064825	-0.921799156	0.178016517	0.73460886	-0.954894736	0.220285876
0.0245	0.74418906	-0.91669146	0.162893318	0.745416826	-0.949999775	0.204582949
0.02455	0.754132378	-0.911354389	0.147724067	0.756038633	-0.94485632	0.188817687
0.0246	0.763892202	-0.905789644	0.132512936	0.766471056	-0.939465328	0.172994271
0.02465	0.773465935	-0.899999016	0.117264246	0.776710917	-0.933827835	0.157116918
0.0247	0.782851064	-0.893984204	0.10198218	0.786755082	-0.927944965	0.141189883
0.02475	0.792045202	-0.887746772	0.086670679	0.796600468	-0.921817923	0.125217455
0.0248	0.801046088	-0.881288194	0.071333477	0.806244043	-0.915447999	0.109203956
0.02485	0.809851544	-0.874609944	0.05597421	0.815682834	-0.908836562	0.093153728
0.0249	0.818459452	-0.867713562	0.040596516	0.824913925	-0.901985064	0.077071139
0.02495	0.826867719	-0.860600696	0.025204099	0.833934459	-0.894895036	0.060960577
0.025	0.835074282	-0.853273097	0.009800736	0.842741643	-0.887568089	0.044826447
0.02505	0.84238819	-0.84676334	-0.003963381	0.851332742	-0.880005916	0.028673174
0.0251	0.848109025	-0.841803773	-0.014617695	0.859692333	-0.872222499	0.012530165
0.02515	0.852988736	-0.837268094	-0.023955794	0.867795401	-0.864244487	-0.003550913
0.0252	0.857377257	-0.832741396	-0.032748327	0.875632584	-0.856087356	-0.019545228
0.02525	0.861394496	-0.82803589	-0.041306061	0.883201171	-0.847761599	-0.035439572
0.0253	0.674471399	-0.625594349	0.017469812	0.890501242	-0.839275562	-0.05122568
0.02535	0.586357668	-0.566163316	0.045661716	0.897329049	-0.830895389	-0.06643366
0.0254	0.544221142	-0.559393433	0.062291065	0.903724616	-0.822620132	-0.081104485
0.02545	0.523800273	-0.564713276	0.070430164	0.909725769	-0.81444496	-0.095280809
0.0255	0.514147392	-0.565601357	0.069209662	0.91539455	-0.806322594	-0.109071956
0.02555	0.510070547	-0.558132458	0.059273397	0.920807155	-0.798169232	-0.122637923
0.0256	0.508937836	-0.544501815	0.043433407	0.926030354	-0.78989564	-0.136134714
0.02565	0.50932753	-0.528622098	0.025263984	0.931105271	-0.78143589	-0.149669382
0.0257	0.510449062	-0.513524619	0.007585518	0.936045364	-0.772759137	-0.163286227
0.02575	0.511874153	-0.500449641	-0.008256753	0.94084491	-0.763864342	-0.176980568
0.0258	0.51340058	-0.489136962	-0.022270959	0.945490588	-0.754765968	-0.19072462
0.02585	0.563477435	-0.505366542	-0.073077242	0.949970328	-0.745479677	-0.204490651
0.0259	0.686691846	-0.564634685	-0.169861553	0.954379892	-0.735780871	-0.21859902
0.02595	0.814439559	-0.632871223	-0.251570934	0.958805312	-0.725409323	-0.233395989
0.026	0.897903954	-0.679136823	-0.289212313	0.963148567	-0.714509098	-0.248639469
0.02605	0.932512008	-0.691505792	-0.295741341	0.967272356	-0.703381809	-0.263890546
0.0261	0.938631022	-0.675434711	-0.297546628	0.971119588	-0.692187621	-0.278931967
0.02615	0.936919802	-0.644694138	-0.310019342	0.974713172	-0.680878352	-0.293834821
0.0262	0.937396023	-0.612629067	-0.332791629	0.978095642	-0.669316192	-0.30877945
0.02625	0.941139996	-0.587333852	-0.35789959	0.981283701	-0.657410325	-0.323873376
0.0263	0.946041334	-0.570898983	-0.378807477	0.984262582	-0.645168467	-0.339094116
0.02635	0.950544372	-0.561195439	-0.393980394	0.987004604	-0.632665638	-0.354338965
0.0264	0.954333013	-0.554428458	-0.405545297	0.989487907	-0.619984766	-0.369503141
0.02645	0.95757252	-0.547218163	-0.416406511	0.991703528	-0.607175997	-0.384527531
0.0265	0.96028057	-0.537671237	-0.428349757	0.993652383	-0.594249013	-0.39940337
0.02655	0.962290403	-0.525478933	-0.441714593	0.99533895	-0.581187621	-0.41415133
0.0266	0.963500536	-0.511397629	-0.455981665	0.996766627	-0.567969364	-0.428797263
0.02665	0.964025343	-0.496543593	-0.470463368	0.997936162	-0.554578887	-0.443357275
0.0267	0.964132075	-0.481832758	-0.484689263	0.998846226	-0.541012317	-0.457833909
0.02675	0.964076376	-0.467716473	-0.498477314	0.999494684	-0.527275203	-0.47221948
0.0268	0.963983851	-0.454196604	-0.51184676	0.999879605	-0.513377864	-0.486501741
0.02685	0.963837828	-0.441004826	-0.524906774	0.999999702	-0.499331021	-0.50066868
0.0269	0.963542675	-0.42781337	-0.53777755	0.999854278	-0.485143113	-0.514711164
0.02695	0.96299986	-0.414384443	-0.550548367	0.999442962	-0.470819505	-0.528623457
0.027	0.962153395	-0.400625671	-0.563262167	0.998765447	-0.456363114	-0.542402333
0.02705	0.960996259	-0.386567962	-0.575918303	0.997821357	-0.441775704	-0.556045652
0.0271	0.959552508	-0.3723054	-0.588487277	0.996610261	-0.427059145	-0.569551116
0.02715	0.957854262	-0.357935371	-0.600930246	0.99513177	-0.412216188	-0.582915581
0.0272	0.955925802	-0.343521622	-0.613215501	0.993385629	-0.397250651	-0.596134978
0.02725	0.95377794	-0.329085015	-0.625326711	0.991371775	-0.382167151	-0.609204624
0.0273	0.95141005	-0.314614276	-0.637262323	0.98909032	-0.366970658	-0.622119662
0.02735	0.948815449	-0.300084581	-0.649029391	0.986541516	-0.351666102	-0.634875414
0.0274	0.945986665	-0.285473762	-0.66063634	0.983725696	-0.336258168	-0.647467528
0.02745	0.942918758	-0.270770983	-0.672088009	0.980643257	-0.320751284	-0.659891973
0.0275	0.939610381	-0.255977638	-0.683384097	0.977294655	-0.305149732	-0.672144924
0.02755	0.936063135	-0.241103274	-0.694520271	0.973680426	-0.289457791	-0.684222635
0.0276	0.932280129	-0.226160085	-0.705490416	0.96980121	-0.273679844	-0.696121366
0.02765	0.928264579	-0.211158628	-0.716288675	0.965657766	-0.257820418	-0.707837348
0.0277	0.924018937	-0.19610589	-0.726910563	0.961250979	-0.241884172	-0.719366807
0.02775	0.919544668	-0.181005487	-0.737353119	0.956581852	-0.225875852	-0.730706
0.0278	0.914842507	-0.165859065	-0.74761443	0.9516515	-0.209800248	-0.741851251
0.02785	0.909912912	-0.150667881	-0.75769297	0.946461133	-0.193662161	-0.752798972
0.0279	0.904756462	-0.135433902	-0.767587086	0.941012058	-0.177466391	-0.763545668
0.02795	0.899374075	-0.120160201	-0.777294751	0.935305678	-0.161217745	-0.774087933
0.028	0.893767029	-0.104850768	-0.786813579	0.929343489	-0.144921045	-0.784422444
0.02805	0.887936858	-0.089510066	-0.796140986	0.923127089	-0.128581139	-0.794545951
0.0281	0.881885215	-0.074142581	-0.805274377	0.916658179	-0.112202903	-0.804455276
0.02815	0.875613763	-0.05875255	-0.814211281	0.90993856	-0.095791242	-0.814147318
0.0282	0.869124128	-0.043343895	-0.822949403	0.902970134	-0.079351083	-0.823619052
0.02825	0.862417909	-0.027920303	-0.831486606	0.895754904	-0.062887369	-0.832867535
0.0283	0.855496708	-0.012485368	-0.839820863	0.888294965	-0.046405051	-0.841889914
0.02835	0.848940139	0.001161317	-0.847255027	0.880592507	-0.029909085	-0.850683421
0.0284	0.843523438	0.011180202	-0.852953709	0.872661701	-0.013428774	-0.859232927
0.02845	0.838554419	0.020001928	-0.857764443	0.864531584	0.002979948	-0.867511533
0.0285	0.833704422	0.028483743	-0.862048391	0.856217791	0.019292849	-0.87551064
0.02855	0.828836701	0.0368824	-0.865972081	0.84773067	0.035497847	-0.883228517
0.0286	0.823890059	0.045265779	-0.869619689	0.839078675	0.051587219	-0.890665894
0.02865	0.818827941	0.053645477	-0.873028239	0.830269533	0.067554965	-0.897824498
0.0287	0.81362239	0.062018324	-0.876208499	0.821310651	0.083395897	-0.904706548
0.02875	0.649271255	0.025487688	-0.652651535	0.812209246	0.099105339	-0.911314585
0.0288	0.570102714	0.01546536	-0.561462789	0.803241584	0.114230173	-0.917471757
0.02885	0.546724298	-0.007859246	-0.526749614	0.794199208	0.129147214	-0.923346422
0.0289	0.548092831	-0.032751961	-0.51530085	0.785221559	0.143645062	-0.928866621
0.02895	0.551642161	-0.043669609	-0.512748802	0.776369589	0.157651899	-0.934021488
0.029	0.546694274	-0.036015712	-0.513026164	0.767562089	0.171319244	-0.938881333
0.02905	0.532475647	-0.015048964	-0.513907102	0.758651775	0.184886495	-0.94353827
0.0291	0.513344756	0.010399871	-0.514860288	0.749513794	0.198542157	-0.94805595
0.02915	0.494233188	0.033348285	-0.51593517	0.740090754	0.212362776	-0.95245353
0.0292	0.478038421	0.050934315	-0.517230485	0.730389539	0.226327285	-0.956716824
0.02925	0.466748846	0.068745998	-0.524408003	0.720450984	0.240368202	-0.960819186
0.0293	0.48544763	0.149729188	-0.61779338	0.710280501	0.254471271	-0.964751772
0.02935	0.5341013	0.257080351	-0.771206997	0.699427395	0.269237827	-0.968665222
0.0294	0.586942492	0.32763803	-0.901301414	0.687751053	0.284812684	-0.972563738
0.02945	0.622174902	0.34949235	-0.968460647	0.675586754	0.300710267	-0.976297021
0.0295	0.632409813	0.346746609	-0.981805364	0.66331807	0.316420322	-0.979738392
0.02955	0.622621708	0.346001163	-0.970406934	0.651094585	0.331763046	-0.982857631
0.0296	0.602944056	0.358158665	-0.957894627	0.638840313	0.346847275	-0.985687588
0.02965	0.582302586	0.379614743	-0.953706788	0.626409206	0.361857342	-0.988266548
0.0297	0.565430284	0.402000091	-0.95675331	0.613714425	0.37689417	-0.990608595
0.02975	0.55298626	0.419937158	-0.962454261	0.600761169	0.391944854	-0.992706023
0.0298	0.543266651	0.433032924	-0.967372201	0.587608018	0.406936751	-0.994544769
0.02985	0.534054799	0.443826325	-0.970367485	0.574313348	0.421802517	-0.996115864
0.0299	0.523801634	0.454964307	-0.971777954	0.560905198	0.436512546	-0.997417744
0.02995	0.511981775	0.467660994	-0.972315239	0.54738104	0.451071853	-0.998452893
0.03	0.498867671	0.481697716	-0.972477495	0.533723917	0.465500032	-0.999223949
0.03005	0.485078008	0.496206792	-0.972472351	0.519918834	0.479813051	-0.999731885
0.0301	0.471181851	0.510423926	-0.972347084	0.505960864	0.494015353	-0.999976217
0.03015	0.457492611	0.52402274	-0.972099564	0.491854765	0.508101243	-0.999956008
0.0302	0.444052828	0.537064565	-0.971713197	0.477610277	0.522060367	-0.999670644
0.03025	0.430734832	0.549781156	-0.971154539	0.463237323	0.53588273	-0.999120054
0.0303	0.41736779	0.562382144	-0.970376208	0.448743355	0.549561169	-0.998304524
0.03035	0.403828472	0.574968103	-0.969334232	0.434133009	0.563091427	-0.997224436
0.0304	0.390073887	0.587536853	-0.968005953	0.419409155	0.576470957	-0.995880112
0.03045	0.376126797	0.600032785	-0.966394949	0.404574228	0.58969759	-0.994271817
0.0305	0.362039916	0.612395243	-0.964521826	0.389631171	0.602768682	-0.992399852
0.03055	0.347862689	0.624585306	-0.962409385	0.374583763	0.615680879	-0.990264642
0.0306	0.333623468	0.636590436	-0.960071655	0.359436476	0.628430303	-0.987866779
0.03065	0.319328077	0.648416069	-0.957511029	0.344194124	0.641012896	-0.98520702
0.0307	0.304968444	0.660073958	-0.954721992	0.328861531	0.653424705	-0.982286236
0.03075	0.290533416	0.671573424	-0.951697095	0.313443346	0.665662028	-0.979105374
0.0308	0.276016271	0.682917585	-0.94843143	0.297944021	0.677721415	-0.975665436
0.03085	0.261417166	0.694103722	-0.944924123	0.282367879	0.689599598	-0.971967477
0.0309	0.246741653	0.705125805	-0.9411774	0.266719223	0.701293396	-0.968012618
0.03095	0.231997562	0.715977252	-0.937194688	0.25100241	0.712799661	-0.963802071
0.031	0.21719226	0.726652745	-0.932979021	0.235221881	0.724115262	-0.959337143
0.03105	0.20233129	0.737148787	-0.928532347	0.219382144	0.735237095	-0.954619238
0.0311	0.187418365	0.747463308	-0.923855629	0.203487745	0.746162109	-0.949649854
0.03115	0.172456134	0.757594866	-0.918949357	0.187543236	0.756887333	-0.944430569
0.0312	0.157447079	0.767541948	-0.913814066	0.171553157	0.767409882	-0.938963039
0.03125	0.1423941	0.777302607	-0.908450626	0.15552203	0.777726959	-0.933248989
0.0313	0.127300676	0.786874455	-0.902860288	0.139454369	0.787835851	-0.92729022
0.03135	0.112170721	0.796254858	-0.897044575	0.123354683	0.79773392	-0.921088603
0.0314	0.09700832	0.805441176	-0.891005125	0.107227483	0.807418604	-0.914646087
0.03145	0.081817514	0.814430924	-0.88474358	0.091077281	0.816887412	-0.907964693
0.0315	0.066602191	0.823221815	-0.878261546	0.074908589	0.826137928	-0.901046517
0.03155	0.0513661	0.831811731	-0.871560604	0.058725913	0.835167812	-0.893893726
0.0316	0.036112912	0.840198647	-0.864642354	0.042533749	0.843974803	-0.886508552
0.03165	0.020846291	0.848380575	-0.857508449	0.026336578	0.852556719	-0.878893296
0.0317	0.006175682	0.855877281	-0.850536507	0.010138868	0.860911457	-0.871050324
0.03175	-0.005630843	0.861148711	-0.845073844	-0.006044594	0.869031879	-0.862987286
0.0318	-0.01577427	0.865344146	-0.840259911	-0.02216194	0.876893673	-0.854731733
0.03185	-0.025096303	0.869055322	-0.835552497	-0.038183156	0.884485439	-0.846302283
0.0319	-0.03399331	0.87251158	-0.830758184	-0.054092364	0.891803669	-0.837711305
0.03195	-0.042657531	0.875798646	-0.825819758	-0.069879974	0.898848311	-0.828968337
0.032	-0.051185304	0.878929649	-0.820715666	-0.085539296	0.905620894	-0.820081597
0.03205	-0.059626514	0.881884943	-0.815428627	-0.101065084	0.912123737	-0.811058652
0.0321	-0.036247437	0.61360989	-0.627754417	-0.11645292	0.918359611	-0.801906692
0.03215	-0.029440527	0.532284407	-0.549991339	-0.131402027	0.924217251	-0.792815224
0.0322	-0.014332417	0.510703538	-0.532090504	-0.146232866	0.929832233	-0.783599367
0.03225	0.004661642	0.506977696	-0.537829927	-0.160751811	0.935138528	-0.774386718
0.0323	0.017241733	0.508308607	-0.543733779	-0.174841931	0.940106561	-0.76526463
0.03235	0.017947333	0.51097476	-0.539665351	-0.188576527	0.944775871	-0.756199344
0.0324	0.007851276	0.513887524	-0.525807677	-0.202133067	0.949215499	-0.747082432
0.03245	-0.008295742	0.516659944	-0.507218593	-0.215677211	0.953481855	-0.737804644
0.0325	-0.025630357	0.519116795	-0.488981191	-0.229297833	0.957600207	-0.728302374
0.03255	-0.04129816	0.521199743	-0.473716598	-0.243004622	0.961568716	-0.718564094
0.0326	-0.05579165	0.525538508	-0.462110685	-0.256762314	0.965372696	-0.708610381
0.03265	-0.109032916	0.624445005	-0.479179616	-0.270541208	0.969000531	-0.698459323
0.0327	-0.195020052	0.798749698	-0.529807967	-0.284724921	0.972542435	-0.687817513
0.03275	-0.266690932	0.943855412	-0.589532952	-0.299513075	0.976024617	-0.676511541
0.0328	-0.303820082	1.01242541	-0.634362555	-0.314582604	0.979348684	-0.664766079
0.03285	-0.316520925	1.017401044	-0.651568573	-0.329517471	0.982416168	-0.652898697
0.0329	-0.324315153	0.994419579	-0.641938252	-0.344150297	0.98519902	-0.641048722
0.03295	-0.338906112	0.971415309	-0.615620852	-0.3585776	0.987723447	-0.629145847
0.033	-0.360611112	0.959471162	-0.585192742	-0.372983631	0.990023027	-0.617039396
0.03305	-0.383910216	0.957789328	-0.559842911	-0.387479285	0.992109765	-0.60463048
0.0331	-0.403945705	0.961591635	-0.542939021	-0.402054061	0.993973686	-0.591919625
0.03315	-0.419399659	0.966866787	-0.532921391	-0.416621138	0.995597125	-0.578975987
0.0332	-0.431787735	0.971498756	-0.525932965	-0.431088004	0.996967287	-0.565879282
0.03325	-0.443385654	0.974694221	-0.518375563	-0.44540134	0.998080083	-0.552678744
0.0333	-0.455693217	0.976306164	-0.508312476	-0.459553239	0.998937276	-0.539384037
0.03335	-0.469050323	0.976534744	-0.495585236	-0.473562905	0.999541986	-0.525979081
0.0334	-0.483043708	0.975820357	-0.481133137	-0.48745401	0.999895929	-0.512441918
0.03345	-0.497088528	0.974700251	-0.466143678	-0.501240448	0.999998973	-0.498758525
0.0335	-0.510795464	0.973609931	-0.451463993	-0.514923024	0.999850029	-0.484927005
0.03355	-0.524052727	0.972740234	-0.437405233	-0.528493369	0.999448065	-0.470954696
0.0336	-0.536935571	0.972029983	-0.423849433	-0.541939961	0.99879263	-0.456852668
0.03365	-0.549579291	0.971273964	-0.410483333	-0.555252727	0.997883822	-0.442631095
0.0337	-0.562093179	0.970261982	-0.397009274	-0.568424992	0.996721985	-0.428296993
0.03375	-0.574530084	0.96887175	-0.383258652	-0.581453224	0.995307417	-0.413854193
0.0338	-0.586893482	0.967087788	-0.369205121	-0.594335667	0.993640257	-0.399304589
0.03385	-0.599158982	0.964965428	-0.354915725	-0.607070888	0.991720523	-0.384649635
0.0339	-0.611295015	0.962578209	-0.340486012	-0.619656842	0.989548252	-0.36989141
0.03395	-0.623276264	0.959979212	-0.325991556	-0.632090593	0.987123617	-0.355033023
0.034	-0.635089021	0.957187628	-0.311467963	-0.644368517	0.984446979	-0.340078461
0.03405	-0.646730311	0.954195573	-0.29691512	-0.656486709	0.981518871	-0.325032162
0.0341	-0.658203607	0.950983365	-0.28231376	-0.668441339	0.978339938	-0.309898599
0.03415	-0.669513897	0.947533043	-0.267642608	-0.680228852	0.974910875	-0.294682023
0.0342	-0.680664115	0.943835269	-0.252889108	-0.691845985	0.971232396	-0.279386411
0.03425	-0.691653763	0.939889711	-0.238052179	-0.703289677	0.967305234	-0.264015557
0.0343	-0.702479418	0.935701652	-0.223139271	-0.714556956	0.963130166	-0.248573209
0.03435	-0.713136222	0.931277868	-0.208161272	-0.725644855	0.958708036	-0.233063181
0.0344	-0.723619363	0.926623731	-0.193128201	-0.736550378	0.954039779	-0.217489401
0.03445	-0.733924955	0.921742147	-0.178047059	-0.747270515	0.949126425	-0.20185591
0.0345	-0.7440502	0.916633939	-0.1629218	-0.75780227	0.943969087	-0.186166817
0.03455	-0.753993057	0.911298911	-0.147754523	-0.768142697	0.938568957	-0.17042626
0.0346	-0.76375176	0.905736877	-0.13254691	-0.778288918	0.932927293	-0.154638375
0.03465	-0.773324445	0.899948272	-0.11730123	-0.788238122	0.927045414	-0.138807291
0.0347	-0.782708991	0.893934284	-0.102020682	-0.797987566	0.920924701	-0.122937135
0.03475	-0.791903051	0.887696656	-0.086709231	-0.807534563	0.914566603	-0.10703204
0.0348	-0.800904184	0.881237371	-0.071371212	-0.816876478	0.907972637	-0.091096159
0.03485	-0.809709982	0.874558398	-0.05601095	-0.826010725	0.901144391	-0.075133666
0.0349	-0.818318151	0.867661574	-0.040632556	-0.834934769	0.894083529	-0.05914876
0.03495	-0.826726533	0.860548604	-0.025239886	-0.843646129	0.886791781	-0.043145652
0.035	-0.834933085	0.85322114	-0.009836629	-0.852142381	0.87927095	-0.027128569
0.03505	-0.84225212	0.84670418	0.003939416	-0.860421163	0.871522905	-0.011101743
0.0351	-0.847976101	0.841741298	0.014600334	-0.868467855	0.86356211	0.004905746
0.03515	-0.852857172	0.837204422	0.023941138	-0.876258457	0.855416105	0.020842352
0.0352	-0.857246359	0.832677392	0.032734796	-0.883784271	0.84710075	0.036683521
0.03525	-0.861264054	0.827971971	0.041293015	-0.891043091	0.838626693	0.052416398
0.0353	-0.864948669	0.823009224	0.049741012	-0.898035431	0.830002327	0.068033104
0.03535	-0.868327629	0.817782975	0.058129394	-0.904763013	0.821235024	0.083527989
0.0354	-0.681474502	0.595674005	0.015407345	-0.911228145	0.812331679	0.098896465
0.03545	-0.593440474	0.523216749	-0.000504006	-0.917422637	0.803315118	0.114107519
0.0355	-0.551146073	0.516007347	-0.014935232	-0.923303025	0.794267872	0.129035153
0.03555	-0.530321643	0.529328772	-0.028753557	-0.928816919	0.785304624	0.143512295
0.0356	-0.520158472	0.539993228	-0.035880838	-0.933968391	0.776463248	0.157505143
0.03565	-0.515611859	0.53928562	-0.032604215	-0.938815143	0.767685287	0.171129857
0.0357	-0.514126242	0.527858249	-0.019845317	-0.943432944	0.758858789	0.184574154
0.03575	-0.514276659	0.510620008	-0.001540064	-0.947882016	0.749875354	0.198006662
0.0358	-0.515222514	0.492634	0.017979997	-0.95219183	0.740667341	0.211524489
0.03585	-0.516478994	0.476914728	0.035826783	-0.956364064	0.731215297	0.225148766
0.0359	-0.520380875	0.465514724	0.053197491	-0.960385003	0.721533515	0.238851487
0.03595	-0.591424548	0.493267939	0.119752664	-0.964242899	0.711635554	0.252607344
0.036	-0.722526388	0.558860667	0.21822134	-0.968028532	0.701248173	0.266780359
0.03605	-0.843418981	0.625443635	0.290401016	-0.971759753	0.690237985	0.281521768
0.0361	-0.91513742	0.665138518	0.318395091	-0.975332923	0.678832009	0.296500915
0.03615	-0.941106748	0.670282858	0.321310676	-0.978653305	0.667310589	0.311342716
0.0362	-0.943637657	0.649192037	0.324626035	-0.981702494	0.6557608	0.325941694
0.03625	-0.941486616	0.616456977	0.339885601	-0.984513395	0.644079066	0.340434329
0.0363	-0.942309221	0.584758395	0.363980591	-0.987118125	0.632117192	0.355000933
0.03635	-0.946029719	0.560940511	0.388535578	-0.98952098	0.619805173	0.369715807
0.0364	-0.950479467	0.545972356	0.408009035	-0.991703467	0.607176373	0.384527094
0.03645	-0.954405448	0.537081993	0.421930525	-0.99364251	0.594319572	0.399322938
0.0365	-0.957665272	0.530338741	0.432880904	-0.995323542	0.581317522	0.41400602
0.03655	-0.960406221	0.522572835	0.44365363	-0.996742825	0.568212702	0.428530122
0.0366	-0.96257607	0.512231095	0.455710479	-0.997903009	0.555006726	0.442896284
0.03665	-0.963994198	0.499299498	0.469136195	-0.998807853	0.541678676	0.457129177
0.0367	-0.964604708	0.484693646	0.483315016	-0.999459287	0.528205068	0.471254219
0.03675	-0.964574628	0.469547921	0.497577973	-0.999857039	0.514571833	0.485285206
0.0368	-0.964189954	0.454703999	0.51151356	-0.999999597	0.500777122	0.499222475
0.03685	-0.963688062	0.440510956	0.524990803	-0.999885334	0.486828177	0.513057157
0.0369	-0.963161157	0.426890188	0.538057683	-0.999513148	0.472736209	0.526776939
0.03695	-0.962566765	0.413536674	0.550833307	-0.998882573	0.458512031	0.540370542
0.037	-0.961800677	0.400126299	0.563436239	-0.997993538	0.444163626	0.553829912
0.03705	-0.96076981	0.386447777	0.575948167	-0.996846063	0.429695703	0.56715036
0.0371	-0.95942903	0.372438851	0.588402564	-0.99544006	0.415110614	0.580329446
0.03715	-0.957780388	0.35815126	0.600790729	-0.993775309	0.4004098	0.593365509
0.0372	-0.95585221	0.343686472	0.613078733	-0.991851555	0.38559505	0.606256505
0.03725	-0.953676574	0.329138454	0.625227393	-0.989668644	0.370669182	0.618999462
0.0373	-0.951275439	0.314562415	0.637207566	-0.987226614	0.355636102	0.631590512
0.03735	-0.948656976	0.29997088	0.649006409	-0.98452572	0.340500447	0.644025273
0.0374	-0.945818762	0.285347531	0.660625099	-0.981566383	0.325267101	0.656299282
0.03745	-0.942753478	0.270666384	0.672071883	-0.978349131	0.309940826	0.668408305
0.0375	-0.939453949	0.255906881	0.683354991	-0.97487454	0.294526091	0.680348449
0.03755	-0.935916014	0.241060855	0.694478342	-0.971143221	0.279027103	0.692116118
0.0376	-0.932139154	0.226132002	0.705440675	-0.967155827	0.26344794	0.703707887
0.03765	-0.928125568	0.2111311	0.716237084	-0.962913085	0.247792698	0.715120388
0.0377	-0.923878649	0.196070475	0.726861364	-0.958415825	0.232065586	0.726350239
0.03775	-0.919401641	0.180960126	0.737307922	-0.953664991	0.216270959	0.737394032
0.0378	-0.914696902	0.165806288	0.747572673	-0.948661643	0.200413287	0.748248356
0.03785	-0.909765807	0.150612004	0.757653022	-0.943406951	0.184497116	0.758909835
0.0379	-0.904609076	0.135378677	0.767547292	-0.937902181	0.168527015	0.769375165
0.03795	-0.89922725	0.120107621	0.777254069	-0.93214868	0.152507556	0.779641124
0.038	-0.89362106	0.104801026	0.786771723	-0.926147883	0.136443303	0.78970458
0.03805	-0.8877916	0.089462204	0.796098228	-0.919901302	0.12033882	0.799562482
0.0381	-0.881740315	0.074095316	0.805231221	-0.913410538	0.104198685	0.809211853
0.03815	-0.875468879	0.058704891	0.814168178	-0.906677282	0.0880275	0.818649782
0.0382	-0.868979053	0.0432954	0.822906603	-0.899703315	0.071829888	0.827873427
0.03825	-0.862272595	0.027871026	0.831444146	-0.892490513	0.055610499	0.836880013
0.0383	-0.85535122	0.012435636	0.839778635	-0.885040838	0.039373999	0.845666839
0.03835	-0.848800838	-0.0011924	0.847205494	-0.877356343	0.023125063	0.85423128
0.0384	-0.843388287	-0.01120211	0.852899764	-0.869451315	0.006892971	0.862558344
0.03845	-0.838421233	-0.020021137	0.857708519	-0.861354838	-0.009266763	0.8706216
0.0385	-0.833572288	-0.028502255	0.861991521	-0.853082373	-0.025330309	0.878412682
0.03855	-0.828705236	-0.03690079	0.865914789	-0.844644041	-0.041285932	0.885929972
0.0386	-0.823759066	-0.045284183	0.869562232	-0.83604804	-0.057126225	0.893174266
0.03865	-0.818697278	-0.053663909	0.872970714	-0.827301838	-0.072845486	0.900147324
0.0387	-0.662267118	-0.005457577	0.649579492	-0.818412573	-0.088438813	0.906851386
0.03875	-0.589612166	0.011861861	0.55875648	-0.809768443	-0.103255819	0.913024263
0.0388	-0.567746337	0.034739359	0.524207164	-0.801130515	-0.117742009	0.918872525
0.03885	-0.566476032	0.054249335	0.512671504	-0.792571688	-0.131798041	0.924369729
0.0389	-0.565861744	0.059065717	0.509935054	-0.78410425	-0.145428474	0.929532724
0.03895	-0.557535757	0.047448537	0.510097241	-0.775633896	-0.158803619	0.934437515
0.039	-0.541765028	0.02538607	0.511011725	-0.767028167	-0.172139444	0.939167612
0.03905	-0.522743237	0.000889514	0.512131879	-0.758187208	-0.185586941	0.943774149
0.0391	-0.504615973	-0.020398542	0.513440777	-0.749073745	-0.199193372	0.948267117
0.03915	-0.489480687	-0.036665501	0.514969656	-0.739703245	-0.212925636	0.95262888
0.0392	-0.477829086	-0.050821308	0.51868713	-0.730114762	-0.226719035	0.956833797
0.03925	-0.491962743	-0.12284421	0.598956593	-0.720330003	-0.240537517	0.96086752
0.0393	-0.537820021	-0.231410947	0.749398737	-0.7099279	-0.254955538	0.964883439
0.03935	-0.59105922	-0.308736633	0.885404632	-0.698678306	-0.27024657	0.968924876
0.0394	-0.628823345	-0.336132077	0.960565134	-0.686871074	-0.285973786	0.97284486
0.03945	-0.641988925	-0.334988555	0.979249272	-0.674906633	-0.301589544	0.976496177
0.0395	-0.634317427	-0.333047861	0.969635818	-0.662975432	-0.316854541	0.979829973
0.03955	-0.615586973	-0.343514582	0.956760897	-0.651029278	-0.331844212	0.98287349
0.0396	-0.594993976	-0.364211644	0.951733863	-0.638925856	-0.346742981	0.985668837
0.03965	-0.577767538	-0.386889733	0.954361526	-0.626567206	-0.36166836	0.988235566
0.0397	-0.564982399	-0.40557743	0.960174241	-0.613946169	-0.376622246	0.990568415
0.03975	-0.555142452	-0.419293979	0.965484058	-0.601115429	-0.391537063	0.992652492
0.0398	-0.546047076	-0.430344809	0.968905165	-0.588134152	-0.406342565	0.994476716
0.03985	-0.536055406	-0.441460651	0.970668323	-0.575034179	-0.421003742	0.996037922
0.0399	-0.52452925	-0.454055054	0.971486608	-0.561816226	-0.435521853	0.997338079
0.03995	-0.511662351	-0.468058413	0.971894205	-0.548464462	-0.449915578	0.998380041
0.04	-0.498045678	-0.482646528	0.972124267	-0.534963207	-0.464201918	0.999165125