0.09	0.497455395	0.483400892	-0.97192429	0.535176418	0.463978364	-0.999154782
0.09005	0.483914789	0.497387181	-0.972134176	0.521452227	0.478236458	-0.999688684
0.0901	0.470616913	0.51078641	-0.972205361	0.507579643	0.492381861	-0.999961504
0.09015	0.457474452	0.523798485	-0.972111898	0.493568415	0.506404126	-0.99997254
0.0902	0.444323064	0.536648432	-0.971812088	0.479426448	0.520295139	-0.999721586
0.09025	0.431023774	0.549468583	-0.971260864	0.46515888	0.534049814	-0.999208693
0.0903	0.417511498	0.562282258	-0.970428733	0.450768806	0.54766515	-0.998433957
0.09035	0.403792417	0.575044957	-0.969311503	0.436258565	0.561138867	-0.997397432
0.0904	0.389912768	0.587695109	-0.967925276	0.421630779	0.57446839	-0.996099169
0.09045	0.375924064	0.600187155	-0.966292755	0.406888842	0.587650455	-0.994539297
0.0905	0.361860776	0.61250168	-0.964430713	0.392036887	0.600681192	-0.992718079
0.09055	0.347734592	0.624639853	-0.962344692	0.377079483	0.613556449	-0.990635931
0.0906	0.33354068	0.636612196	-0.960031021	0.3620213	0.626272097	-0.988293397
0.09065	0.319268233	0.648428893	-0.957482396	0.346866887	0.638824226	-0.985691113
0.0907	0.304909054	0.660094706	-0.954692942	0.331620607	0.651209176	-0.982829783
0.09075	0.290461386	0.671608325	-0.95166056	0.316286683	0.663423485	-0.979710168
0.0908	0.275929407	0.682964413	-0.948386606	0.300869299	0.6754638	-0.976333099
0.09085	0.261320445	0.694156364	-0.944874173	0.285372681	0.687326807	-0.972699488
0.0909	0.246642067	0.705178394	-0.941126365	0.269801141	0.699009202	-0.968810343
0.09095	0.231900313	0.716026444	-0.93714534	0.254159069	0.7105077	-0.964666769
0.091	0.217099345	0.726698009	-0.932932212	0.238450912	0.721819057	-0.960269968
0.09105	0.202242032	0.737191439	-0.928487472	0.222681135	0.732940093	-0.955621228
0.0911	0.187330843	0.747505185	-0.923811523	0.206854205	0.743867713	-0.950721917
0.09115	0.172368526	0.75763735	-0.918905037	0.190974581	0.7545989	-0.945573482
0.0912	0.157358384	0.767585581	-0.913769069	0.175046718	0.765130724	-0.940177442
0.09125	0.142304206	0.777347219	-0.908404977	0.159075073	0.775460324	-0.934535397
0.0913	0.127210027	0.786919536	-0.902814278	0.143064111	0.785584911	-0.928649023
0.09135	0.112079892	0.796299916	-0.896998522	0.127018307	0.795501768	-0.922520074
0.0914	0.09691772	0.805485936	-0.890959229	0.110942142	0.805208242	-0.916150385
0.09145	0.081727284	0.814475351	-0.884697892	0.094840102	0.81470176	-0.909541862
0.0915	0.066512261	0.823266029	-0.878216008	0.078716669	0.823979817	-0.902696487
0.09155	0.051276309	0.831855887	-0.871515123	0.062576322	0.83303999	-0.895616312
0.0916	0.036023113	0.840242857	-0.864596854	0.046423532	0.84187993	-0.888303462
0.09165	0.020756409	0.848424879	-0.857462898	0.03026276	0.850497365	-0.880760125
0.0917	0.006103836	0.855907737	-0.850502095	0.01409846	0.858890101	-0.872988561
0.09175	-0.005683211	0.861167409	-0.845050457	-0.00205428	0.867050716	-0.864996436
0.0918	-0.015817204	0.86535892	-0.8402407	-0.018143576	0.874954637	-0.856811061
0.09185	-0.025134484	0.869069077	-0.835534788	-0.034139559	0.882590356	-0.848450796
0.0919	-0.034028987	0.872525485	-0.830741134	-0.050026396	0.889954248	-0.839927852
0.09195	-0.042691825	0.875813056	-0.825803112	-0.065794489	0.89704614	-0.831251651
0.092	-0.004292326	0.606978493	-0.655969394	-0.081437124	0.903867446	-0.822430322
0.09205	0.014737699	0.525411758	-0.591566828	-0.096258142	0.910133002	-0.81387486
0.0921	0.032319679	0.503958938	-0.575124406	-0.110717665	0.916059825	-0.805342161
0.09215	0.045914514	0.500656931	-0.573618857	-0.124818805	0.921662101	-0.796843296
0.0922	0.050506229	0.502519597	-0.57018033	-0.138585814	0.926961537	-0.788375723
0.09225	0.045040671	0.505656117	-0.559639463	-0.152134972	0.932012118	-0.779877146
0.0923	0.032322239	0.508904859	-0.543740971	-0.165610339	0.93687186	-0.771261521
0.09235	0.016499497	0.511898362	-0.526434087	-0.179116187	0.941578072	-0.762461885
0.0924	0.000808301	0.514525301	-0.510716391	-0.19269216	0.946141525	-0.753449365
0.09245	-0.013346351	0.516786926	-0.497540967	-0.206327475	0.950554869	-0.744227394
0.0925	-0.02609749	0.518741051	-0.486251568	-0.219991054	0.954804945	-0.734813891
0.09255	-0.062807045	0.579039084	-0.491635133	-0.233656689	0.958881439	-0.72522475
0.0926	-0.14452552	0.742342101	-0.53375902	-0.247599132	0.96285916	-0.715260028
0.09265	-0.224363261	0.903267228	-0.592533701	-0.262240415	0.96683695	-0.704596535
0.0927	-0.271787033	0.994447075	-0.642897355	-0.277383483	0.970733689	-0.693350206
0.09275	-0.289740635	1.014678383	-0.668485023	-0.292559399	0.974414199	-0.681854799
0.0928	-0.297302467	0.996827463	-0.666258168	-0.307475259	0.977809364	-0.670334105
0.09285	-0.30945995	0.972679259	-0.644069445	-0.322141739	0.980929714	-0.658787975
0.0929	-0.329566228	0.95790584	-0.614262872	-0.336731944	0.983815969	-0.647084026
0.09295	-0.35308361	0.954221647	-0.587290109	-0.351392536	0.986493693	-0.635101157
0.093	-0.374489286	0.95733784	-0.568215646	-0.366152974	0.988960474	-0.622807499
0.09305	-0.391376191	0.96282716	-0.556728179	-0.380945621	0.991197685	-0.610252064
0.0931	-0.404612464	0.968103388	-0.549415653	-0.395674927	0.993187081	-0.597512154
0.09315	-0.416436273	0.972109126	-0.54245734	-0.410273681	0.994919488	-0.584645807
0.0932	-0.428649805	0.974567732	-0.533397109	-0.424720923	0.996394328	-0.571673404
0.09325	-0.441909302	0.975584674	-0.521604431	-0.439029339	0.997614875	-0.558585536
0.0933	-0.455963007	0.975526006	-0.507771865	-0.453222434	0.998584059	-0.545361625
0.09335	-0.470231751	0.974906464	-0.493071669	-0.467317251	0.99930276	-0.531985509
0.0934	-0.484254579	0.974202725	-0.478473811	-0.48131803	0.99977015	-0.51845212
0.09345	-0.497845388	0.973682703	-0.464440472	-0.495218448	0.999984806	-0.504766359
0.0935	-0.511037822	0.973354154	-0.450959516	-0.50900736	0.999945583	-0.490938222
0.09355	-0.523959132	0.973043324	-0.437755348	-0.522673936	0.999651919	-0.476977983
0.0936	-0.536729676	0.972532167	-0.424514272	-0.536210344	0.999103702	-0.462893357
0.09365	-0.549418069	0.971669068	-0.411027522	-0.549612056	0.998300977	-0.448688921
0.0937	-0.56203995	0.970409139	-0.397230765	-0.562876719	0.997243745	-0.434367026
0.09375	-0.574576999	0.968791294	-0.383169306	-0.576002693	0.995931903	-0.41992921
0.0938	-0.586998472	0.96688745	-0.368934831	-0.588987954	0.994365317	-0.405377363
0.09385	-0.599276713	0.964758268	-0.354610826	-0.601829627	0.992543923	-0.390714296
0.0939	-0.611394629	0.962432467	-0.340244456	-0.614524073	0.990467805	-0.375943732
0.09395	-0.623346384	0.959908705	-0.325844696	-0.627067245	0.988137212	-0.361069967
0.094	-0.635133899	0.957169375	-0.31139633	-0.639455073	0.985552519	-0.346097445
0.09405	-0.646761963	0.954195186	-0.29687761	-0.651683717	0.982714182	-0.331030465
0.0941	-0.658234187	0.950974059	-0.282273054	-0.663749628	0.9796227	-0.315873072
0.09415	-0.66955099	0.947503193	-0.267578384	-0.675649493	0.976278599	-0.300629106
0.0942	-0.680709623	0.943786498	-0.25279895	-0.687380118	0.972682452	-0.285302333
0.09425	-0.69170545	0.939830489	-0.237944999	-0.698938335	0.968834894	-0.269896559
0.0943	-0.702533487	0.935640968	-0.223026995	-0.710320949	0.964736648	-0.254415699
0.09435	-0.713189481	0.931221444	-0.208052828	-0.721524747	0.960388532	-0.238863785
0.0944	-0.723670263	0.926573164	-0.193027228	-0.732546516	0.955791452	-0.223244937
0.09445	-0.733973538	0.921696042	-0.177952692	-0.743383085	0.950946402	-0.207563317
0.0945	-0.744097417	0.916589733	-0.162830909	-0.754031343	0.945854445	-0.191823101
0.09455	-0.754040005	0.911254376	-0.147663919	-0.764488252	0.940516716	-0.176028464
0.0946	-0.763799179	0.90569086	-0.13245464	-0.774750837	0.934934416	-0.160183578
0.09465	-0.77337257	0.899900693	-0.117206831	-0.784816186	0.929108815	-0.144292629
0.0947	-0.782757671	0.893885719	-0.101924738	-0.79468144	0.923041259	-0.12835982
0.09475	-0.791951976	0.88764783	-0.086612699	-0.804343786	0.916733167	-0.112389381
0.0948	-0.800953075	0.881188809	-0.071274881	-0.813800467	0.910186037	-0.096385571
0.09485	-0.809758688	0.874510302	-0.055915201	-0.823048774	0.903401441	-0.080352667
0.0949	-0.818366657	0.867613877	-0.040537379	-0.83208606	0.896381027	-0.064294967
0.09495	-0.82677491	0.86050111	-0.025145053	-0.840909735	0.889126515	-0.048216781
0.095	-0.83498142	0.853173657	-0.009741873	-0.84951727	0.881639698	-0.032122428
0.09505	-0.842287038	0.846675759	0.004002765	-0.857906202	0.873922439	-0.016016237
0.0951	-0.84800286	0.841721617	0.014646409	-0.866061477	0.865989326	7.22E-05
0.09515	-0.852880416	0.837187891	0.023980138	-0.873958929	0.857867625	0.016091304
0.0952	-0.857267876	0.832661723	0.03277085	-0.881589764	0.849573081	0.032016683
0.09525	-0.861284389	0.827956067	0.041327796	-0.888951683	0.841116332	0.047835351
0.0953	-0.674382819	0.625488211	-0.017401449	-0.896045113	0.832505802	0.063539311
0.09535	-0.586279895	0.566029922	-0.04555785	-0.902690054	0.823988288	0.078701766
0.0954	-0.544148594	0.55925713	-0.06217684	-0.908913958	0.815575468	0.09333849
0.09545	-0.52372997	0.564593729	-0.070325887	-0.914749465	0.807267662	0.107481803
0.0955	-0.514077867	0.565504252	-0.069123534	-0.920255865	0.799018559	0.121237306
0.09555	-0.510001257	0.558052151	-0.059202963	-0.925507302	0.790743247	0.134764056
0.0956	-0.508868718	0.544428286	-0.043371031	-0.930568928	0.782350864	0.148218064
0.09565	-0.50925868	0.528546936	-0.025202194	-0.935480813	0.773774287	0.161706526
0.0957	-0.510380549	0.513443791	-0.007519981	-0.940255976	0.764982231	0.175273744
0.09575	-0.511805957	0.500363251	0.008326839	-0.944888738	0.755973828	0.18891491
0.0958	-0.513321332	0.489040904	0.0223349	-0.949366071	0.746763993	0.202602078
0.09585	-0.557541771	0.502019732	0.068729402	-0.953676193	0.73736888	0.216307313
0.0959	-0.67799056	0.559403368	0.164461227	-0.957897444	0.727593781	0.230303662
0.09595	-0.80738526	0.628110946	0.248556797	-0.962119419	0.717162796	0.244956623
0.096	-0.89422037	0.676310813	0.28897029	-0.966255746	0.706202691	0.260053055
0.09605	-0.931437451	0.690792059	0.296680543	-0.97017565	0.695014969	0.275160681
0.0961	-0.938650401	0.676145381	0.29814049	-0.973821971	0.683768997	0.290052973
0.09615	-0.937001712	0.645898825	0.30979542	-0.977215173	0.672422383	0.30479279
0.0962	-0.937229136	0.61360988	0.332113143	-0.980396519	0.6608353	0.319561219
0.09625	-0.940809756	0.587761715	0.357305782	-0.983383392	0.648910741	0.334472651
0.0963	-0.945686662	0.570788787	0.378573609	-0.986162673	0.636651481	0.349511192
0.09635	-0.950221004	0.560755089	0.394066453	-0.988708127	0.624131489	0.364576637
0.0964	-0.954035469	0.55390236	0.405764214	-0.990998639	0.611435823	0.379562816
0.09645	-0.957290458	0.546782786	0.416595182	-0.993025388	0.598617711	0.394407677
0.0965	-0.960020495	0.537397899	0.428440419	-0.99478915	0.585689029	0.409100121
0.09655	-0.962064129	0.525349742	0.441718832	-0.996294245	0.572634256	0.423659989
0.0966	-0.963308921	0.511347734	0.455943072	-0.997544021	0.559430434	0.438113587
0.09665	-0.963855214	0.496504094	0.470420952	-0.998539298	0.54606123	0.452478068
0.0967	-0.963965026	0.481758208	0.484663643	-0.999278904	0.53252189	0.466757014
0.09675	-0.963899189	0.467592728	0.498472683	-0.999760898	0.518817446	0.480943452
0.0968	-0.963793033	0.454033744	0.511858089	-0.999983557	0.504958072	0.495025485
0.09685	-0.963637565	0.440823692	0.524926087	-0.999945779	0.490954573	0.508991206
0.0969	-0.9633398	0.427633361	0.537797701	-0.999647027	0.476815545	0.522831481
0.09695	-0.962799646	0.414216728	0.550564799	-0.999087061	0.462546465	0.536540597
0.097	-0.96195788	0.400472257	0.563273311	-0.99826568	0.448150255	0.550115425
0.09705	-0.960804759	0.386424622	0.57592501	-0.997182595	0.433628582	0.563554013
0.0971	-0.959363073	0.372165792	0.588491677	-0.995837453	0.418983145	0.576854308
0.09715	-0.957665003	0.357794298	0.600934528	-0.994229936	0.4042165	0.590013437
0.0972	-0.955735591	0.343376541	0.613221073	-0.992359867	0.389332278	0.603027589
0.09725	-0.953586501	0.328935928	0.625333948	-0.990227252	0.374334937	0.615892316
0.0973	-0.95121769	0.314462704	0.637270812	-0.987832279	0.35922931	0.628602968
0.09735	-0.948622699	0.299932375	0.649038395	-0.985175261	0.344020207	0.641155054
0.0974	-0.945793987	0.28532227	0.660645213	-0.982256591	0.32871219	0.653544401
0.09745	-0.942726408	0.270620744	0.672096413	-0.979076714	0.313309555	0.665767159
0.0975	-0.939418396	0.255828505	0.68339201	-0.975636123	0.297816439	0.677819684
0.09755	-0.935871408	0.240954745	0.694527866	-0.971935382	0.282236962	0.68969842
0.0976	-0.932088506	0.226011636	0.705497918	-0.967975151	0.26657534	0.701399811
0.09765	-0.928072933	0.211009921	0.71629625	-0.963756204	0.250835931	0.712920273
0.0977	-0.923827206	0.195956823	0.726918281	-0.959279432	0.235023224	0.724256208
0.09775	-0.919352854	0.180856142	0.737360967	-0.954545841	0.219141795	0.735404046
0.0978	-0.914650647	0.165709599	0.747622348	-0.949556538	0.203196264	0.746360274
0.09785	-0.909721051	0.150518438	0.757700896	-0.944312724	0.187191261	0.757121464
0.0979	-0.904564634	0.135284564	0.767594979	-0.938815687	0.171131414	0.767684274
0.09795	-0.899182293	0.120010981	0.777302597	-0.933066803	0.155021354	0.778045449
0.098	-0.893575289	0.104701635	0.786821387	-0.927067536	0.138865726	0.78820181
0.09805	-0.887745147	0.089360971	0.796148774	-0.920819445	0.122669198	0.798150247
0.0981	-0.88169352	0.073993486	0.805282162	-0.914324184	0.106436466	0.807887718
0.09815	-0.875422076	0.058603436	0.814219074	-0.907583504	0.090172256	0.817411248
0.0982	-0.868932447	0.043194762	0.822957205	-0.900599248	0.073881312	0.826717936
0.09825	-0.862226236	0.027771164	0.831494414	-0.893373355	0.057568397	0.835804958
0.0983	-0.855305045	0.012336236	0.839828672	-0.885907852	0.041238283	0.844669569
0.09835	-0.848767507	-0.001253485	0.84724037	-0.878204854	0.024895745	0.853309109
0.0984	-0.843363418	-0.011244746	0.852925669	-0.870278937	0.008570684	0.861708254
0.09845	-0.838400395	-0.020058363	0.857730398	-0.862159091	-0.007681525	0.869840616
0.0985	-0.833553618	-0.02853809	0.862011476	-0.853860768	-0.023837119	0.877697887
0.09855	-0.82868794	-0.036936385	0.86593388	-0.845394155	-0.039884313	0.885278468
0.0986	-0.823742731	-0.04531981	0.869580976	-0.836767541	-0.055815621	0.892583161
0.09865	-0.674287174	0.013180284	0.646359214	-0.827988492	-0.071625248	0.89961374
0.0987	-0.607491028	0.037103842	0.555881995	-0.819549918	-0.086464346	0.906014265
0.09875	-0.587157585	0.059839128	0.521502524	-0.811184312	-0.100851334	0.912035646
0.0988	-0.583758444	0.074816187	0.509914304	-0.802905612	-0.114790289	0.917695901
0.09885	-0.579610564	0.07436296	0.507034677	-0.794684161	-0.128355373	0.923039534
0.0989	-0.568369086	0.059261688	0.507109419	-0.786414956	-0.141735171	0.928150127
0.09895	-0.551238716	0.03618701	0.508064055	-0.77797868	-0.155126347	0.933105027
0.099	-0.532300171	0.012475012	0.509341101	-0.769296995	-0.168647625	0.937944621
0.09905	-0.515031846	-0.007383426	0.510867153	-0.76034973	-0.18232066	0.94267039
0.0991	-0.500837291	-0.022493886	0.512614759	-0.751159553	-0.19610151	0.947261064
0.09915	-0.48924131	-0.034397454	0.514495622	-0.741763951	-0.209927529	0.95169148
0.0992	-0.496761265	-0.091846589	0.574765646	-0.73219206	-0.223752333	0.955944392
0.09925	-0.538042437	-0.199950203	0.718511306	-0.72210686	-0.238046948	0.960153807
0.0993	-0.591412726	-0.286373535	0.86186048	-0.711156799	-0.253266412	0.964423212
0.09935	-0.632707919	-0.322325346	0.948787979	-0.699553752	-0.26906754	0.968621292
0.0994	-0.650228321	-0.324270915	0.975959924	-0.687710549	-0.284866167	0.972576716
0.09945	-0.645809275	-0.320979133	0.969515939	-0.675873134	-0.300339729	0.976212863
0.0995	-0.628580528	-0.328940622	0.956272649	-0.66403622	-0.315509437	0.979545657
0.09955	-0.608081739	-0.348294056	0.949874578	-0.652066958	-0.330553539	0.982620497
0.0996	-0.590279192	-0.371194344	0.951643413	-0.639853734	-0.34561081	0.985464544
0.09965	-0.576895265	-0.390889486	0.95740924	-0.627372011	-0.360705031	0.988077042
0.0997	-0.566775128	-0.405507673	0.963152562	-0.614665555	-0.37577753	0.990443085
0.09975	-0.557762568	-0.416944452	0.967101089	-0.601794412	-0.390754885	0.992549296
0.0998	-0.548086742	-0.428008591	0.96929332	-0.588796154	-0.405594292	0.994390446
0.09985	-0.536938613	-0.440399034	0.970425692	-0.575676764	-0.420290984	0.995967747
0.0999	-0.524388075	-0.454280328	0.971083695	-0.56242268	-0.434861664	0.997284344
0.09995	-0.510978768	-0.46890979	0.971543762	-0.549017738	-0.449324428	0.998342166
0.1	-0.497307597	-0.483450888	0.971877812	-0.535453866	-0.46368736	0.999141226
0.10005	-0.100700813	-0.64102316	0.6313078	-0.521733016	-0.477947403	0.999680419
0.1001	0.151224349	-0.708385294	0.427989116	-0.504031125	-0.495958012	0.999989137
0.10015	0.313655302	-0.714553871	0.28995829	-0.483780413	-0.51604606	0.999826473
0.1002	0.396085347	-0.681652141	0.207781027	-0.461918548	-0.537138012	0.99905656
0.10025	0.43987295	-0.649669673	0.158993326	-0.439250385	-0.558381443	0.997631828
0.1003	0.464267767	-0.628682697	0.131436931	-0.416036454	-0.579500186	0.995536641
0.10035	0.47862306	-0.615736632	0.115287806	-0.392345527	-0.600412913	0.99275844
0.1004	0.487678634	-0.605377836	0.103153922	-0.368208106	-0.621077351	0.989285457
0.10045	0.493892217	-0.594385275	0.091029112	-0.343660292	-0.641449143	0.985109436
0.1005	0.498534593	-0.582210194	0.077813756	-0.318741202	-0.661484462	0.980225664
0.10055	0.502253785	-0.56958651	0.063907298	-0.293482989	-0.681147871	0.97463086
0.1006	0.505382953	-0.557229317	0.049951209	-0.267908058	-0.700413368	0.968321427
0.10065	0.508104044	-0.545335615	0.036248552	-0.242032601	-0.719260538	0.961293139
0.1007	0.510951507	-0.53395039	0.022408623	-0.215871249	-0.737670492	0.95354174
0.10075	0.592378715	-0.581073552	-0.040477308	-0.189432946	-0.75562838	0.945061326
0.1008	0.7381747	-0.665651212	-0.137671827	-0.161434148	-0.773949096	0.935383244
0.10085	0.842888831	-0.709598271	-0.203801487	-0.130850477	-0.793154178	0.924004655
0.1009	0.886838551	-0.707705883	-0.232523972	-0.098380493	-0.812633958	0.911014451
0.10095	0.902294925	-0.689308448	-0.247743801	-0.065019414	-0.831683186	0.8967026
0.101	0.914898191	-0.673933027	-0.264671325	-0.031218673	-0.849993948	0.881212621
0.10105	0.929222472	-0.663702558	-0.283866226	0.002984077	-0.867513586	0.864529509
0.1011	0.941345609	-0.6543747	-0.301790475	0.037605971	-0.884215802	0.846609831
0.10115	0.949392599	-0.64355067	-0.31745328	0.072581449	-0.900031976	0.827450527
0.1012	0.954580792	-0.631499343	-0.331985944	0.107804479	-0.914880547	0.807076068
0.10125	0.958569494	-0.619143066	-0.346422279	0.143184678	-0.928694206	0.785509529
0.1013	0.962063699	-0.606874798	-0.360960767	0.178655253	-0.941420183	0.76276493
0.10135	0.965085962	-0.594618525	-0.375414157	0.21415691	-0.953011439	0.738854529
0.1014	0.967573663	-0.582225308	-0.38967003	0.249627178	-0.96342238	0.713795202
0.10145	0.969586767	-0.569649335	-0.403758257	0.285000081	-0.972609199	0.687609118
0.1015	0.971232516	-0.556915067	-0.417737406	0.320208893	-0.980530981	0.660322088
0.10155	0.972579543	-0.544049631	-0.431626783	0.355187232	-0.98714999	0.631962758
0.1016	0.973650909	-0.531060667	-0.445415869	0.389868652	-0.992431552	0.602562901
0.10165	0.974452505	-0.517945931	-0.459092113	0.424186204	-0.996344049	0.572157845
0.1017	0.974990855	-0.504704371	-0.472651022	0.458072512	-0.99885908	0.540786568
0.10175	0.975274214	-0.491338527	-0.486092022	0.491460109	-0.999951654	0.508491545
0.1018	0.975462891	-0.455840012	-0.517660295	0.52428176	-0.999600355	0.475318595
0.10185	0.975035285	-0.451970003	-0.524438173	0.556610352	-0.997776292	0.44116594
0.1019	0.97438592	-0.454929987	-0.524028118	0.588191264	-0.994469302	0.406278038
0.10195	0.973815742	-0.452785264	-0.526498312	0.61889769	-0.989687213	0.370789522
0.102	0.973142026	-0.436734084	-0.539619774	0.648689297	-0.98343618	0.334746883
0.10205	0.97207424	-0.413801016	-0.558785094	0.677596735	-0.975702598	0.298105863
0.1021	0.970517859	-0.394137816	-0.57583419	0.70561309	-0.966469828	0.260856738
0.10215	0.968681352	-0.379061306	-0.589255921	0.732660848	-0.955742047	0.223081199
0.1022	0.966738969	-0.365697941	-0.601071865	0.758652306	-0.943538001	0.184885695
0.10225	0.964664371	-0.351926672	-0.612884587	0.783521731	-0.929878207	0.146356476
0.1023	0.962352017	-0.337419232	-0.624951348	0.807220713	-0.9147816	0.107560887
0.10235	0.959754511	-0.322614274	-0.63696002	0.829705652	-0.898269208	0.068563556
0.1024	0.956892003	-0.307829076	-0.648704313	0.850933091	-0.880367256	0.029434165
0.10245	0.953796031	-0.293091793	-0.660188686	0.870861219	-0.861107192	-0.009754027
0.1025	0.950476664	-0.278319533	-0.67148227	0.889451981	-0.840524399	-0.048927582
0.10255	0.946928155	-0.26346149	-0.68261955	0.906671686	-0.8186574	-0.088014286
0.1026	0.943144645	-0.248518756	-0.69359721	0.922490756	-0.795547791	-0.126942966
0.10265	0.939126061	-0.233510267	-0.704402807	0.936883499	-0.771240332	-0.165643167
0.1027	0.934875338	-0.218448506	-0.715029986	0.94982812	-0.745782861	-0.204045259
0.10275	0.930394886	-0.203337096	-0.725477657	0.961306823	-0.719226029	-0.242080794
0.1028	0.925685824	-0.188177008	-0.735745327	0.971305876	-0.691623012	-0.279682864
0.10285	0.920748847	-0.172970567	-0.745831183	0.979815606	-0.663029246	-0.316786359
0.1029	0.915584934	-0.157721642	-0.755732581	0.986830367	-0.633502193	-0.353328174
0.10295	0.910195394	-0.142434499	-0.765446853	0.992348494	-0.603101089	-0.389247406
0.103	0.904581652	-0.12711314	-0.774971568	0.996372237	-0.571886693	-0.424485544
0.10305	0.898745128	-0.111761315	-0.784304441	0.998907675	-0.539921022	-0.458986653
0.1031	0.892687244	-0.096382722	-0.793443221	0.999964621	-0.507267085	-0.492697536
0.10315	0.886409474	-0.080981121	-0.802385665	0.999556499	-0.473988626	-0.525567873
0.1032	0.87991336	-0.065560323	-0.811129562	0.99770021	-0.440149867	-0.557550343
0.10325	0.873200511	-0.050124148	-0.819672751	0.994415988	-0.405815262	-0.588600726
0.1033	0.866272584	-0.034676409	-0.828013126	0.989727237	-0.371049251	-0.618677986
0.10335	0.85913129	-0.019220918	-0.836148629	0.983660359	-0.335916025	-0.647744334
0.1034	0.851778388	-0.003761483	-0.844077256	0.976244581	-0.300479307	-0.675765274
0.10345	0.844215693	0.01169808	-0.85179705	0.96751176	-0.264802129	-0.702709631
0.1035	0.836445071	0.027153958	-0.859306107	0.9574962	-0.228946637	-0.728549563
0.10355	0.828468438	0.042602335	-0.866602573	0.946234444	-0.192973897	-0.753260547
0.1036	0.820287763	0.058039402	-0.873684648	0.933765085	-0.156943718	-0.776821367
0.10365	0.811905064	0.073461348	-0.880550586	0.920128557	-0.12091449	-0.799214067
0.1037	0.803322409	0.088864368	-0.887198692	0.905366939	-0.084943032	-0.820423907
0.10375	0.794541917	0.104244663	-0.893627325	0.889523752	-0.049084456	-0.840439296
0.1038	0.785565753	0.119598438	-0.8998349	0.872643765	-0.013392048	-0.859251717
0.10385	0.776396133	0.134921903	-0.905819886	0.854772796	0.022082844	-0.876855641
0.1039	0.767035318	0.150211279	-0.911580804	0.835957529	0.057290904	-0.893248433
0.10395	0.757485618	0.165462793	-0.917116235	0.816245323	0.092184924	-0.908430246
0.104	0.74774939	0.180672682	-0.922424811	0.79568404	0.126719875	-0.922403915
0.10405	0.737829036	0.195837192	-0.927505225	0.77432187	0.160852962	-0.935174832
0.1041	0.727727003	0.210952584	-0.932356221	0.752207169	0.194543663	-0.946750832
0.10415	0.717445784	0.226015126	-0.936976603	0.729388301	0.227753763	-0.957142064
0.1042	0.706987915	0.241021103	-0.941365231	0.705913491	0.260447369	-0.96636086
0.10425	0.696355978	0.255966812	-0.945521022	0.681830687	0.29259092	-0.974421607
0.1043	0.661403922	0.305201623	-0.948966865	0.657187426	0.324153187	-0.981340613
0.10435	0.656429162	0.30631107	-0.953295265	0.631638449	0.355578313	-0.987216761
0.1044	0.662112664	0.295637116	-0.957365024	0.605734574	0.386200359	-0.991934932
0.10445	0.665432617	0.291598461	-0.960234837	0.579692626	0.4158217	-0.995514326
0.1045	0.657107717	0.306071707	-0.962443781	0.55351701	0.444500249	-0.998017259
0.10455	0.638253875	0.334185225	-0.964768106	0.527046166	0.472457049	-0.999503215
0.1046	0.620053675	0.358461313	-0.967598512	0.500142639	0.499857347	-0.999999986
0.10465	0.606094992	0.374921332	-0.970420722	0.472873132	0.526644852	-0.999517984
0.1047	0.594245857	0.387794991	-0.972649733	0.445365083	0.552712491	-0.998077574
0.10475	0.582231071	0.400842462	-0.974275622	0.417701114	0.578006695	-0.995707809
0.1048	0.569555956	0.414852372	-0.975610657	0.389917307	0.602520732	-0.992438039
0.10485	0.556629371	0.42915319	-0.976841405	0.362038205	0.626257959	-0.988296164
0.1049	0.543749938	0.443197275	-0.977934598	0.334095337	0.649215297	-0.983310634
0.10495	0.530903811	0.456924559	-0.978792507	0.306125551	0.671385744	-0.977511294
0.105	0.517978687	0.470474727	-0.979373805	0.278164628	0.692764024	-0.970928652
0.10505	0.504919456	0.483936558	-0.979692972	0.250244898	0.713348253	-0.963593151
0.1051	0.49173089	0.497311134	-0.979772477	0.222396146	0.733138925	-0.955535071
0.10515	0.478429903	0.510570094	-0.979618372	0.194646811	0.752137874	-0.946784684
0.1052	0.465022357	0.523696399	-0.97922555	0.167024273	0.770348022	-0.937372294
0.10525	0.451506586	0.536687448	-0.978589266	0.139554644	0.787773479	-0.927328123
0.1053	0.437881634	0.549544473	-0.977709009	0.112262604	0.804419586	-0.91668219
0.10535	0.424149605	0.562266326	-0.976586345	0.085171399	0.82029284	-0.905464239
0.1054	0.41031406	0.574849549	-0.975222466	0.058302919	0.835400782	-0.8937037
0.10545	0.396378496	0.587290262	-0.973617719	0.031677737	0.849751907	-0.881429644
0.1055	0.3823461	0.59958509	-0.971772202	0.005315136	0.863355603	-0.868670739
0.10555	0.368220038	0.611731069	-0.969686231	-0.020766878	0.87622208	-0.855455202
0.1056	0.354003643	0.623725322	-0.967360355	-0.046551551	0.888362312	-0.84181076
0.10565	0.339700374	0.635564924	-0.964795216	-0.07202335	0.899787964	-0.827764614
0.1057	0.325313743	0.647246936	-0.961991473	-0.09716793	0.910511337	-0.813343407
0.10575	0.310847276	0.658768454	-0.958949809	-0.121972101	0.920545301	-0.7985732
0.1058	0.296304518	0.670126629	-0.955670966	-0.146423798	0.92990324	-0.783479442
0.10585	0.281689042	0.68131866	-0.95215575	-0.170512045	0.938598997	-0.768086952
0.1059	0.267004446	0.692341789	-0.948405033	-0.194226919	0.946646819	-0.752419899
0.10595	0.252254349	0.703193296	-0.944419742	-0.217559517	0.954061305	-0.736501788
0.106	0.237442388	0.713870503	-0.940200861	-0.240501917	0.960857359	-0.720355443
0.10605	0.222572215	0.724370774	-0.935749432	-0.263047143	0.967050142	-0.704003
0.1061	0.207647497	0.73469152	-0.931066551	-0.285189128	0.972655026	-0.687465898
0.10615	0.192671915	0.744830194	-0.926153376	-0.30692268	0.977687554	-0.670764874
0.1062	0.177649165	0.754784293	-0.921011117	-0.32824344	0.982163396	-0.653919956
0.10625	0.162582952	0.764551363	-0.915641045	-0.349147849	0.986098314	-0.636950465
0.1063	0.147476993	0.774128993	-0.910044484	-0.369633111	0.989508125	-0.619875014
0.10635	0.132335015	0.78351482	-0.904222814	-0.38969716	0.992408667	-0.602711507
0.1064	0.117160754	0.792706528	-0.898177474	-0.409338618	0.994815765	-0.585477147
0.10645	0.101957955	0.801701849	-0.891909953	-0.428556769	0.996745203	-0.568188434
0.1065	0.086730368	0.810498565	-0.885421799	-0.447351515	0.998212694	-0.550861179
0.10655	0.07148175	0.819094504	-0.878714612	-0.465723351	0.999233857	-0.533510505
0.1066	0.056215863	0.827487545	-0.871790048	-0.483673328	0.999824186	-0.516150859
0.10665	-0.040429988	0.836468181	-0.768733865	-0.501203018	0.999999034	-0.498796017
0.1067	-0.03960135	0.843574748	-0.786288547	-0.519626936	0.999739738	-0.480112802
0.10675	-0.023663288	0.880408344	-0.841143332	-0.537318994	0.999047219	-0.461728225
0.1068	-0.020341508	0.907388925	-0.872744338	-0.553892877	0.997988747	-0.44409587
0.10685	-0.023419799	0.901159816	-0.869459878	-0.569616736	0.99660369	-0.426986954
0.1069	-0.029734735	0.880698664	-0.848317422	-0.584816944	0.994898227	-0.410081284
0.10695	-0.037400494	0.866110982	-0.827951374	-0.599668157	0.992869847	-0.39320169
0.107	-0.04542069	0.863838162	-0.816298991	-0.614180699	0.990527656	-0.376346957
0.10705	-0.053442753	0.869753422	-0.811783162	-0.628291283	0.987894517	-0.359603234
0.1071	-0.061452879	0.877282964	-0.809539198	-0.641947101	0.984997601	-0.343050501
0.10715	-0.072478235	0.88494337	-0.804296752	-0.655136871	0.981859472	-0.326722601
0.1072	-0.098753204	0.900200951	-0.787589428	-0.667905748	0.978488702	-0.310582954
0.10725	-0.128309781	0.914648123	-0.768635166	-0.680411423	0.974855396	-0.294443972
0.1073	-0.151208374	0.923361111	-0.754492958	-0.692685843	0.970954595	-0.278268752
0.10735	-0.168325933	0.928254207	-0.744053046	-0.704668328	0.966811105	-0.262142776
0.1074	-0.183809064	0.932390592	-0.73415702	-0.716312804	0.962451012	-0.246138207
0.10745	-0.199628298	0.936933033	-0.723552933	-0.727613332	0.957889261	-0.230275929
0.1075	-0.215613598	0.941616531	-0.712551223	-0.738580302	0.953134611	-0.214554309
0.10755	-0.23123157	0.946007651	-0.701584482	-0.749221499	0.948196279	-0.19897478
0.1076	-0.246398256	0.950002808	-0.690680953	-0.759540398	0.943085198	-0.1835448
0.10765	-0.261305726	0.95369539	-0.679682748	-0.769540484	0.937812358	-0.168271874
0.1077	-0.276104697	0.957165915	-0.66849653	-0.779227148	0.932387734	-0.153160586
0.10775	-0.290826462	0.960425771	-0.657124767	-0.788606935	0.926820441	-0.138213506
0.1078	-0.305452661	0.963456094	-0.64559519	-0.797686521	0.921119204	-0.123432683
0.10785	-0.319973904	0.966244125	-0.633918265	-0.806472424	0.91529253	-0.108820106
0.1079	-0.334396159	0.968788971	-0.622090311	-0.814971129	0.909348638	-0.094377509
0.10795	-0.348726768	0.971093477	-0.610107905	-0.82318919	0.903295386	-0.080106195
0.108	-0.362967216	0.973158718	-0.597972803	-0.831133205	0.897140269	-0.066007064
0.10805	-0.377114896	0.974983876	-0.58568925	-0.838809754	0.890890452	-0.052080698
0.1081	-0.391166517	0.976567831	-0.573261081	-0.846225366	0.88455279	-0.038327424
0.10815	-0.405119304	0.977909938	-0.560691249	-0.853386515	0.878133832	-0.024747317
0.1082	-0.418970637	0.979009925	-0.547982517	-0.860299613	0.87163982	-0.011340206
0.10825	-0.432717621	0.979867603	-0.535137893	-0.866971008	0.865076692	0.001894315
0.1083	-0.446357086	0.980482773	-0.522160595	-0.873406968	0.858450092	0.014956877
0.10835	-0.459885765	0.980855254	-0.509053889	-0.879613681	0.851765369	0.027848312
0.1084	-0.473300397	0.980984935	-0.495821024	-0.885597241	0.845027591	0.04056965
0.10845	-0.486597749	0.980871779	-0.482465254	-0.891363649	0.838241545	0.053122103
0.1085	-0.499774592	0.980515814	-0.468989866	-0.896918803	0.831411743	0.065507059
0.10855	-0.512827705	0.979917129	-0.455398186	-0.902268497	0.824542429	0.077726068
0.1086	-0.525753883	0.97907587	-0.441693573	-0.907418417	0.817637584	0.089780833
0.10865	-0.538549949	0.977992243	-0.427879411	-0.912374133	0.810700933	0.1016732
0.1087	-0.551212752	0.976666516	-0.413959108	-0.917141099	0.80373595	0.113405149
0.10875	-0.563739173	0.975099014	-0.399936098	-0.921724651	0.796745863	0.124978788
0.1088	-0.576126127	0.973290125	-0.385813843	-0.926130001	0.789733665	0.136396336
0.10885	-0.588370558	0.971240295	-0.371595826	-0.930362236	0.782702113	0.147660124
0.1089	-0.600469447	0.96895003	-0.357285556	-0.934426319	0.775653739	0.15877258
0.10895	-0.61241981	0.966419894	-0.342886565	-0.93832708	0.768590857	0.169736223
0.109	-0.625430051	0.788442215	-0.18347818	-0.942069223	0.761515565	0.180553657
0.10905	-0.662926127	0.840761543	-0.168670864	-0.946488284	0.752743598	0.193744687
0.1091	-0.729191032	0.922319132	-0.156134726	-0.950627054	0.744072068	0.206554986
0.10915	-0.766386887	0.948465082	-0.145052055	-0.954453382	0.735614105	0.218839277
0.1092	-0.769013584	0.926852519	-0.136545503	-0.958053629	0.727220152	0.230833478
0.10925	-0.75758999	0.894400416	-0.129527353	-0.961488983	0.718765922	0.242723061
0.1093	-0.75051427	0.875432325	-0.122471907	-0.964768973	0.710234485	0.254534488
0.10935	-0.753488287	0.872763389	-0.114632744	-0.967876678	0.70167913	0.266197548
0.1094	-0.762961811	0.877727075	-0.106107666	-0.970797428	0.69315883	0.277638598
0.10945	-0.77344397	0.881862841	-0.097331053	-0.973530155	0.684702639	0.288827515
0.1095	-0.781924524	0.881953317	-0.08863167	-0.976083955	0.676310629	0.299773326
0.10955	-0.788284754	0.879006545	-0.080097529	-0.978470354	0.667971925	0.310498429
0.1096	-0.793704214	0.875220682	-0.071661579	-0.98069851	0.659679771	0.321018739
0.10965	-0.799177901	0.871942036	-0.063232606	-0.982774616	0.651435863	0.331338753
0.1097	-0.804994484	0.869311877	-0.054766068	-0.98470342	0.643246973	0.341456447
0.10975	-0.810951127	0.866860988	-0.046265708	-0.986489684	0.635120061	0.351369623
0.1098	-0.816752955	0.864145785	-0.037754445	-0.988138697	0.627059712	0.361078984
0.10985	-0.822244453	0.861008403	-0.029250044	-0.989656083	0.619068246	0.370587836
0.1099	-0.827424362	0.85751276	-0.020757912	-0.99104743	0.611146999	0.37990043
0.10995	-0.832357271	0.853779753	-0.012275743	-0.992318081	0.603297361	0.38902072
0.11	-0.837094959	0.849880695	-0.003800394	-0.993473115	0.595521055	0.39795206
0.11005	-0.841650509	0.845821876	0.004668559	-0.994517417	0.587819905	0.406697512
0.1101	-0.846011206	0.841578153	0.013128911	-0.995455733	0.580195515	0.415260218
0.11015	-0.850160212	0.83712697	0.021577471	-0.996292687	0.572649106	0.423643581
0.1102	-0.854088588	0.832461526	0.030011358	-0.997032769	0.565181539	0.43185123
0.11025	-0.857795689	0.827586757	0.038428364	-0.99768032	0.557793403	0.439886917
0.1103	-0.861284256	0.822510368	0.046826685	-0.998239519	0.55048509	0.447754429
0.11035	-0.864556243	0.817237258	0.055204549	-0.998714389	0.543256819	0.45545757
0.1104	-0.867611543	0.81176888	0.063560039	-0.999108795	0.536108622	0.463000173
0.11045	-0.870448747	0.80610512	0.071891104	-0.999426449	0.529040337	0.470386113
0.1105	-0.873066319	0.800246111	0.080195647	-0.999670908	0.522051597	0.47761931
0.11055	-0.875463217	0.794192897	0.0884716	-0.999845575	0.515141847	0.484703728
0.1106	-0.877638894	0.787947185	0.096716934	-0.999953701	0.508310347	0.491643354
0.11065	-0.879593024	0.781510859	0.104929651	-0.999998384	0.501556189	0.498442195
0.1107	-0.881325285	0.774885684	0.113107763	-0.999982571	0.494878303	0.505104269
0.11075	-0.882835294	0.768073287	0.121249278	-0.999909062	0.488275463	0.511633599
0.1108	-0.884122649	0.761075257	0.12935221	-0.999780507	0.481746292	0.518034215
0.11085	-0.885187	0.753893243	0.137414578	-0.999599412	0.475289266	0.524310146
0.1109	-0.886028074	0.746528987	0.145434411	-0.99936814	0.468902725	0.530465415
0.11095	-0.886645677	0.738984309	0.153409752	-0.999088911	0.462584875	0.536504036
0.111	-0.887039677	0.731261078	0.161338656	-0.99876381	0.456333797	0.542430012
0.11105	-0.887209998	0.7233612	0.169219188	-0.998394781	0.450147453	0.548247328
0.1111	-0.887156608	0.715286612	0.177049426	-0.997983637	0.444023691	0.553959946
0.11115	-0.886879531	0.707039291	0.18482746	-0.997532059	0.437960249	0.55957181
0.1112	-0.890256787	0.692068285	0.202378578	-0.997041599	0.431954766	0.565086833
0.11125	-0.913272449	0.649968015	0.265641506	-0.996502227	0.425880652	0.570621575
0.1113	-0.938389387	0.609102275	0.331273676	-0.995857786	0.419185944	0.576671842
0.11135	-0.817082023	0.383322754	0.37433219	-0.995092539	0.411854207	0.583238331
0.1114	-0.834871895	0.325805336	0.469375615	-0.994011351	0.402369133	0.591642218
0.11145	-0.878393586	0.306039126	0.556153342	-0.992688594	0.391811926	0.600876668
0.1115	-0.892835768	0.296583356	0.590422486	-0.991144719	0.380576233	0.610568486
0.11155	-0.879850349	0.288965829	0.586431371	-0.989425909	0.36910532	0.620320589
0.1116	-0.861333136	0.281403213	0.575350154	-0.987569948	0.357662974	0.629906974
0.11165	-0.852002237	0.273913971	0.575271672	-0.985587882	0.346293448	0.639294434
0.1117	-0.85305831	0.26659179	0.58675535	-0.983471625	0.334931243	0.648540381
0.11175	-0.858710408	0.259312742	0.60244502	-0.98121031	0.323513126	0.657697184
0.1118	-0.863744936	0.251905023	0.616405614	-0.978799762	0.312020994	0.666778768
0.11185	-0.866474746	0.244294835	0.627188194	-0.976242293	0.300469236	0.675773056
0.1119	-0.86773145	0.236512349	0.636192375	-0.973542233	0.288878115	0.684664118
0.11195	-0.868810633	0.228624741	0.645097022	-0.970702611	0.277259186	0.693443425
0.112	-0.870311717	0.220680432	0.654584598	-0.967724641	0.265615296	0.702109346
0.11205	-0.872116433	0.212695112	0.66445692	-0.964608824	0.253946441	0.710662383
0.1121	-0.873862171	0.204665443	0.674267156	-0.961356004	0.242254062	0.719101942
0.11215	-0.875310963	0.196586122	0.68375452	-0.957967683	0.23054182	0.727425864
0.1122	-0.87642844	0.18845755	0.692907607	-0.954445781	0.218814417	0.735631363
0.11225	-0.877285572	0.180284747	0.701827212	-0.950792315	0.207076422	0.743715893
0.1123	-0.877948747	0.172073448	0.710593933	-0.947009264	0.195331863	0.751677402
0.11235	-0.878436842	0.163827713	0.719225086	-0.943098594	0.1835844	0.759514193
0.1124	-0.878734874	0.155549845	0.727698121	-0.939062332	0.17183761	0.767224721
0.11245	-0.878822567	0.147241413	0.735986962	-0.93490261	0.160095108	0.774807502
0.1125	-0.878690318	0.138904103	0.744079883	-0.930621662	0.148360532	0.78226113
0.11255	-0.878339153	0.130539968	0.7519777	-0.926221789	0.136637469	0.78958432
0.1126	-0.877773834	0.122151261	0.759684768	-0.921705349	0.124929413	0.796775936
0.11265	-0.879230235	0.120681306	0.76451656	-0.917074737	0.113239751	0.803834986
0.1127	-0.887074764	0.137384247	0.761617673	-0.912370814	0.101665135	0.810705679
0.11275	-0.897720323	0.159228477	0.755481766	-0.907705338	0.090461331	0.817244007
0.1128	-0.906214611	0.172318589	0.751744118	-0.903128135	0.079717757	0.823410378
0.11285	-0.909551565	0.170207794	0.753708118	-0.89860792	0.069333101	0.82927482
0.1129	-0.907399655	0.154269455	0.761624268	-0.894065177	0.05910786	0.834957317
0.11295	-0.901297125	0.130369176	0.773566145	-0.889416466	0.048849973	0.840566493
0.113	-0.893382082	0.104957103	0.786884774	-0.884605612	0.038440597	0.846165015
0.11305	-0.885393151	0.082433887	0.799436163	-0.879613509	0.027847952	0.851765558
0.1131	-0.878222343	0.064325795	0.81017339	-0.874450488	0.017103526	0.857346962
0.11315	-0.871958633	0.049870171	0.819101249	-0.869140549	0.006264275	0.862876274
0.1132	-0.866202339	0.03722751	0.826849272	-0.863706455	-0.004619418	0.868325873
0.11325	-0.860424698	0.024611396	0.834175593	-0.85816097	-0.015520249	0.873681219
0.1133	-0.854224689	0.010942993	0.841621112	-0.852505261	-0.026434993	0.878940254
0.11335	-0.847895799	-0.002570647	0.848827296	-0.846732343	-0.037375898	0.884108241
0.1134	-0.842579991	-0.012694554	0.85447984	-0.840842945	-0.04834004	0.889182986
0.11345	-0.837696083	-0.02156543	0.859279572	-0.834862375	-0.059280057	0.894142432
0.1135	-0.832908924	-0.030071827	0.863563234	-0.828802339	-0.070175978	0.898978317
0.11355	-0.828080238	-0.03848342	0.867483368	-0.822668316	-0.081020016	0.903688331
0.1136	-0.823154687	-0.046873742	0.871123066	-0.816463596	-0.091808597	0.908272193
0.11365	-0.67257764	0.010121367	0.647737923	-0.810190677	-0.102539668	0.912730345
0.1137	-0.604839675	0.033012309	0.557160151	-0.804282104	-0.112492529	0.916774633
0.11375	-0.584220488	0.05570474	0.522743946	-0.798494748	-0.122101456	0.920596204
0.1138	-0.581101948	0.071312527	0.511168635	-0.792860595	-0.131328225	0.92418882
0.11385	-0.577469502	0.071629256	0.508323375	-0.787353976	-0.140228703	0.927582679
0.1139	-0.566672927	0.057054507	0.508428171	-0.781865907	-0.148987669	0.930853575
0.11395	-0.549768048	0.034147351	0.509395618	-0.776271463	-0.157805622	0.934077085
0.114	-0.530843231	0.010333189	0.510668526	-0.770488163	-0.16680754	0.937295703
0.11405	-0.51347047	-0.009730886	0.512181226	-0.764493452	-0.176020523	0.940513975
0.1141	-0.499154949	-0.025013522	0.513914827	-0.75830855	-0.185404054	0.943712604
0.11415	-0.48802371	-0.038703948	0.517752165	-0.751969675	-0.194897117	0.946866792
0.1142	-0.502209154	-0.110518265	0.597762626	-0.745491573	-0.204473181	0.949964754
0.11425	-0.547873212	-0.21925499	0.747999574	-0.738440389	-0.214756982	0.953197372
0.1143	-0.600912661	-0.296930934	0.884011675	-0.730558942	-0.226085665	0.956644607
0.11435	-0.638612862	-0.324630546	0.95936215	-0.722113536	-0.238037574	0.96015111
0.1144	-0.651876972	-0.323639352	0.978328556	-0.713498349	-0.250037509	0.963535858
0.11445	-0.644415982	-0.321722652	0.969015369	-0.704913716	-0.261808955	0.966722672
0.1145	-0.625934173	-0.332168195	0.956423791	-0.696325885	-0.273405796	0.969731681
0.11455	-0.605570598	-0.35287082	0.951656728	-0.687600822	-0.285011033	0.972611855
0.1146	-0.588529338	-0.37560967	0.954526543	-0.678639201	-0.296751642	0.975390843
0.11465	-0.575888399	-0.394403777	0.960571365	-0.669425739	-0.3086392	0.978064939
0.1147	-0.566169495	-0.408247044	0.966109966	-0.66000331	-0.32061092	0.98061423
0.11475	-0.557190684	-0.419423309	0.969761566	-0.650423285	-0.332596964	0.983020249
0.1148	-0.547322486	-0.430653865	0.971759871	-0.640712768	-0.344561176	0.985273944
0.11485	-0.53592915	-0.443353604	0.972818533	-0.630869933	-0.356504276	0.987374209
0.1149	-0.523200672	-0.457459325	0.973470311	-0.620877139	-0.368445576	0.989322715
0.11495	-0.509722249	-0.472153049	0.973946007	-0.610716519	-0.38040336	0.99111988
0.115	-0.496070936	-0.486640984	0.974298773	-0.600378722	-0.392384854	0.992763576
0.11505	-0.482588837	-0.500542474	0.974525961	-0.589863553	-0.404386279	0.994249831
0.1151	-0.469347589	-0.513879059	0.974612511	-0.579176008	-0.416398089	0.995574097
0.11515	-0.456237035	-0.526869093	0.974529085	-0.568321771	-0.428410355	0.996732126
0.1152	-0.443089973	-0.539728156	0.974231483	-0.557304528	-0.440415707	0.997720235
0.11525	-0.429777254	-0.552569558	0.97367559	-0.54612546	-0.452409693	0.998535153
0.1153	-0.416246881	-0.565401485	0.972835799	-0.534784109	-0.464389653	0.999173762
0.11535	-0.402514554	-0.578172967	0.971712174	-0.523279599	-0.476353321	0.99963292
0.1154	-0.388629994	-0.590823139	0.970323172	-0.51161153	-0.488297878	0.999909408
0.11545	-0.37464324	-0.603310475	0.968691372	-0.499780321	-0.500219646	0.999999968
0.1155	-0.360585044	-0.61561963	0.966831851	-0.487787119	-0.512114241	0.99990136
0.11555	-0.346463642	-0.627754213	0.964748274	-0.475633493	-0.523976917	0.99961041
0.1156	-0.332272349	-0.63972535	0.962435867	-0.463321142	-0.535802874	0.999124016
0.11565	-0.318000206	-0.651542605	0.959887208	-0.450851722	-0.547587427	0.998439149
0.1157	-0.303639905	-0.663209695	0.957096938	-0.438226808	-0.559326028	0.997552836
0.11575	-0.289190798	-0.674724435	0.954063606	-0.425447961	-0.571014193	0.996462154
0.1158	-0.274657834	-0.686081055	0.950788999	-0.412516817	-0.58264742	0.995164237
0.11585	-0.26004859	-0.697272936	0.947276327	-0.399435164	-0.59422112	0.993656284
0.1159	-0.245370479	-0.708294533	0.943528576	-0.386204972	-0.605730594	0.991935566
0.11595	-0.230629225	-0.71914207	0.939547712	-0.372828388	-0.617171051	0.989999438
0.116	-0.215828707	-0.729813242	0.935334692	-0.35930771	-0.62853763	0.98784534
0.11605	-0.262381881	-0.504156923	0.812756713	-0.345645363	-0.639825436	0.985470799
0.1161	-0.292831791	-0.437092735	0.777689386	-0.333909424	-0.649365307	0.98327473
0.11615	-0.312354607	-0.421275793	0.770668953	-0.322958128	-0.658138856	0.981096985
0.1162	-0.319053436	-0.421194442	0.765345551	-0.312385636	-0.666492669	0.978878305
0.11625	-0.313827135	-0.425675794	0.75418155	-0.301976074	-0.674607408	0.976583481
0.1163	-0.300904892	-0.431224582	0.738784426	-0.291581015	-0.682602747	0.974183762
0.11635	-0.285227308	-0.43674528	0.723213184	-0.281112582	-0.690546463	0.971659045
0.1164	-0.270210145	-0.441920498	0.710251473	-0.270541252	-0.69845929	0.969000542
0.11645	-0.257055621	-0.446712126	0.700391995	-0.259877097	-0.706331695	0.966208792
0.1165	-0.245326987	-0.45118543	0.692522444	-0.249144106	-0.714144473	0.963288579
0.11655	-0.233978148	-0.455427661	0.685116056	-0.238360589	-0.72188342	0.960244009
0.1166	-0.222166964	-0.459507085	0.677099865	-0.227531438	-0.729544475	0.957075913
0.11665	-0.2095824	-0.463459764	0.668127069	-0.216650347	-0.73713149	0.953781837
0.1167	-0.173153682	-0.522677685	0.673602219	-0.205706415	-0.74465116	0.950357575
0.11675	-0.096987917	-0.67253466	0.711801768	-0.194151052	-0.752470839	0.946621891
0.1168	-0.023784023	-0.818609181	0.765150617	-0.181115422	-0.761145232	0.942260654
0.11685	0.019887816	-0.902326988	0.811447595	-0.16670797	-0.770552532	0.937260502
0.1169	0.037428932	-0.923644605	0.836014836	-0.151604498	-0.780212971	0.931817469
0.11695	0.046155103	-0.911925074	0.835972957	-0.13639327	-0.789735563	0.926128833
0.117	0.059328564	-0.895027591	0.818168654	-0.121286264	-0.798988901	0.920275165
0.11705	0.079726326	-0.886456273	0.793502962	-0.106206557	-0.808023963	0.91423052
0.1171	0.103176757	-0.887538598	0.771240734	-0.091003325	-0.816930246	0.907933571
0.11715	0.124745421	-0.894482564	0.755885709	-0.075595588	-0.82574953	0.901345118
0.1172	0.142327975	-0.90345842	0.747177927	-0.05999577	-0.834467488	0.894463258
0.11725	0.156730492	-0.912250889	0.742106381	-0.044263016	-0.843045115	0.887308131
0.1173	0.16995055	-0.919947224	0.73729362	-0.02845137	-0.851449133	0.879900502
0.11735	0.183578852	-0.926289155	0.730566322	-0.012586127	-0.859663744	0.872249871
0.1174	0.198184874	-0.931347558	0.721363991	0.003332509	-0.867686849	0.86435434
0.11745	0.213538373	-0.935432027	0.71029546	0.019314434	-0.875521071	0.856206638
0.1175	0.229125601	-0.938994535	0.69839421	0.035367108	-0.883167162	0.847800054
0.11755	0.244540662	-0.942459186	0.686516204	0.051490563	-0.890621886	0.839131323
0.1176	0.259620579	-0.946065895	0.675069938	0.067678418	-0.897878979	0.830200561
0.11765	0.274395033	-0.949822539	0.664045519	0.083921237	-0.904931023	0.821009786
0.1177	0.288975154	-0.95357469	0.653200304	0.100209474	-0.911770882	0.811561409
0.11775	0.303465669	-0.957128022	0.642257554	0.116534993	-0.918392311	0.801857318
0.1178	0.317925935	-0.960346991	0.631032702	0.13289128	-0.924789936	0.791898656
0.11785	0.332368964	-0.963190684	0.619468438	0.149272927	-0.930958947	0.781686019
0.1179	0.346777995	-0.965692459	0.607604239	0.165674918	-0.936894756	0.771219838
0.11795	0.361125271	-0.967914903	0.595520686	0.182092038	-0.942592769	0.760500731
0.118	0.37538562	-0.969910663	0.583291321	0.198518566	-0.948048293	0.749529727
0.11805	0.389543074	-0.971704176	0.570957762	0.214948245	-0.953256564	0.738308319
0.1181	0.403591556	-0.973293339	0.558527964	0.231374434	-0.958212827	0.726838393
0.11815	0.417531846	-0.974661697	0.545988517	0.24779033	-0.962912426	0.715122096
0.1182	0.431367279	-0.975791303	0.533320203	0.264189142	-0.967350863	0.70316172
0.11825	0.445100168	-0.976670569	0.520509309	0.280564178	-0.971523815	0.690959637
0.1183	0.458730011	-0.977296088	0.507552009	0.296908829	-0.975427123	0.678518294
0.11835	0.472253497	-0.97767038	0.494452989	0.313216517	-0.979056774	0.665840257
0.1184	0.485665631	-0.977798284	0.481221289	0.329480623	-0.982408881	0.652928258
0.11845	0.498961102	-0.977684023	0.467866173	0.34569445	-0.985479682	0.639785233
0.1185	0.395839532	-0.873871487	0.509120058	0.361851219	-0.988265545	0.626414326
0.11855	0.349796358	-0.851931635	0.532566252	0.376398579	-0.990535305	0.614136726
0.1186	0.330444512	-0.853057897	0.543406105	0.390096093	-0.992461853	0.60236576
0.11865	0.323784006	-0.854801784	0.543542916	0.403294841	-0.994121365	0.590826524
0.1187	0.323417786	-0.851409632	0.535321792	0.416179537	-0.995551478	0.579371942
0.11875	0.326252034	-0.84400288	0.522080244	0.428858595	-0.99677208	0.567913485
0.1188	0.330704998	-0.835448342	0.507136677	0.441393083	-0.997793131	0.556400048
0.11885	0.335943195	-0.827875846	0.492783781	0.453809795	-0.998618901	0.544809106
0.1189	0.341533193	-0.821968983	0.479940707	0.466113033	-0.999250996	0.533137963
0.11895	0.347262198	-0.817288671	0.468435607	0.478296421	-0.999690386	0.521393965
0.119	0.353033682	-0.812955214	0.457578253	0.490352258	-0.999938341	0.509586083
0.11905	0.358804581	-0.808220037	0.446680958	0.50227657	-0.99999654	0.497719969
0.1191	0.364550744	-0.802729827	0.435343757	0.514070014	-0.999866762	0.485796747
0.11915	0.370251986	-0.796506899	0.423492734	0.525736221	-0.999550586	0.473814365
0.1192	0.375888863	-0.789779197	0.411265584	0.537279471	-0.999049263	0.461769792
0.11925	0.381444398	-0.782797717	0.398859805	0.548703023	-0.998363766	0.449660743
0.1193	0.386914371	-0.775728306	0.386416695	0.560008567	-0.997494913	0.437486346
0.11935	0.428978428	-0.788839383	0.345364609	0.571196661	-0.996443448	0.425246787
0.1194	0.526779354	-0.834820313	0.268976068	0.582708874	-0.995156807	0.412447933
0.11945	0.628936006	-0.888537573	0.203517563	0.595128637	-0.993528706	0.398400069
0.1195	0.698524157	-0.926632161	0.171153985	0.608355596	-0.991511488	0.383155892
0.11955	0.731754696	-0.939713258	0.162304338	0.621912505	-0.989129259	0.367216755
0.1196	0.743670868	-0.93141968	0.15706621	0.635400993	-0.986430026	0.351029033
0.11965	0.749670345	-0.911790433	0.143711953	0.648679099	-0.983438609	0.334759509
0.1197	0.757247767	-0.890749533	0.122401772	0.661781152	-0.98014729	0.318366138
0.11975	0.767223337	-0.874434529	0.099100823	0.674772246	-0.976535411	0.301763164
0.1198	0.778031229	-0.864544418	0.07877252	0.687668252	-0.972590264	0.284922012
0.11985	0.788522451	-0.859602518	0.062640844	0.700436401	-0.968313368	0.267876967
0.1199	0.798474531	-0.856831129	0.049157314	0.713030684	-0.963714183	0.2506835
0.11995	0.808018313	-0.853707011	0.036156755	0.725419438	-0.958801138	0.2333817
0.12	0.817164149	-0.848783344	0.02229029	0.737591335	-0.953577052	0.215985717
0.12005	0.825776634	-0.84178859	0.007286177	0.749547275	-0.94803986	0.198492586
0.1201	0.833767162	-0.833257064	-0.008479975	0.761290221	-0.942185759	0.180895538
0.12015	0.841211759	-0.824009481	-0.024498993	0.772819554	-0.936011863	0.163192308
0.1202	0.848306063	-0.814732248	-0.040417723	0.784130303	-0.929517243	0.14538694
0.12025	0.855241295	-0.805772933	-0.056095106	0.795214821	-0.922702679	0.127487858
0.1203	0.862113217	-0.797144156	-0.071539737	0.806064715	-0.915569923	0.109505208
0.12035	0.868910762	-0.788652803	-0.08682846	0.816672071	-0.908121035	0.091448964
0.1204	0.875562283	-0.780056119	-0.102048168	0.827029935	-0.900357976	0.073328042
0.12045	0.881992442	-0.771174527	-0.117264324	0.837132309	-0.892282444	0.055150135
0.1205	0.888156817	-0.761935298	-0.132508756	0.846973905	-0.883895905	0.036922
0.12055	0.894047427	-0.752358053	-0.147780904	0.856549816	-0.875199745	0.01864993
0.1206	0.899679826	-0.742510984	-0.163058248	0.865855224	-0.866195483	0.000340259
0.12065	0.905076065	-0.732466289	-0.178310669	0.874885237	-0.856884947	-0.01800029
0.1207	0.910252725	-0.722272102	-0.193512857	0.883634851	-0.847270367	-0.036364484
0.12075	0.915216525	-0.711944907	-0.208650729	0.892099038	-0.837354362	-0.054744676
0.1208	0.91996566	-0.701477035	-0.223721233	0.90027286	-0.827139857	-0.073133003
0.12085	0.924493713	-0.690850284	-0.238727882	0.90815157	-0.81662998	-0.091521591
0.1209	0.92879356	-0.680048049	-0.25367538	0.915730665	-0.805827991	-0.109902675
0.12095	0.932859888	-0.669061961	-0.268565871	0.92300588	-0.794737256	-0.128268624
0.121	0.936690037	-0.657892757	-0.283397689	0.929973159	-0.783361268	-0.146611892
0.12105	0.940283568	-0.646547372	-0.298166125	0.936628631	-0.771703679	-0.164924952
0.1211	0.943641218	-0.635034881	-0.312865074	0.94296858	-0.759768338	-0.183200242
0.12115	0.900799811	-0.662754125	-0.240876329	0.948989453	-0.747559305	-0.201430148
0.1212	0.887246503	-0.676179732	-0.215917303	0.954313628	-0.735931088	-0.21838254
0.12125	0.88617203	-0.682608134	-0.210601944	0.959182065	-0.724493718	-0.234688347
0.1213	0.88697655	-0.681007892	-0.213070376	0.963694289	-0.713082928	-0.250611362
0.12135	0.885257855	-0.671996023	-0.218452556	0.967897819	-0.701619208	-0.266278611
0.1214	0.880829553	-0.658633915	-0.224865983	0.971817817	-0.690059828	-0.281757989
0.12145	0.875335605	-0.644455789	-0.23167224	0.975466962	-0.678385402	-0.29708156
0.1215	0.870409119	-0.63178585	-0.238687423	0.978850543	-0.666593864	-0.312256679
0.12155	0.866801077	-0.621245263	-0.245843025	0.981970438	-0.654693938	-0.3272765
0.1216	0.864358875	-0.612215287	-0.253072215	0.984828025	-0.642698145	-0.34212988
0.12165	0.862449866	-0.603644621	-0.260299061	0.987425697	-0.630617448	-0.35680825
0.1217	0.860427565	-0.594694124	-0.267459181	0.989767081	-0.618458799	-0.371308282
0.12175	0.857907442	-0.58500611	-0.27451577	0.991856535	-0.606225412	-0.385631123
0.1218	0.854811089	-0.574645226	-0.28146043	0.99369852	-0.593918509	-0.399780011
0.12185	0.851259835	-0.563881812	-0.288302814	0.995297188	-0.581539178	-0.413758011
0.1219	0.847430074	-0.552982214	-0.295057573	0.9966563	-0.569089471	-0.42756683
0.12195	0.843450018	-0.542094592	-0.301735129	0.997779325	-0.556572542	-0.441206782
0.122	0.839364258	-0.531237609	-0.308338451	0.998669596	-0.54399215	-0.454677445
0.12205	0.835151232	-0.520351049	-0.314864518	0.999330408	-0.531351989	-0.467978418
0.1221	0.8307622	-0.509358554	-0.321307736	0.999765029	-0.518655219	-0.48110981
0.12215	0.826154967	-0.498209517	-0.327662933	0.999976667	-0.505904323	-0.494072345
0.1222	0.821309829	-0.486891041	-0.333926821	0.999968416	-0.49310122	-0.506867196
0.12225	0.81819209	-0.46956263	-0.347011306	0.99974323	-0.480247492	-0.519495738
0.1223	0.834781497	-0.407600288	-0.419996824	0.999299804	-0.467247331	-0.532052472
0.12235	0.869136413	-0.333583396	-0.526463721	0.998588843	-0.453302668	-0.545286175
0.1224	0.905101692	-0.285989385	-0.614502558	0.99753921	-0.438051868	-0.559487342
0.12245	0.929676585	-0.269218373	-0.66231778	0.996118258	-0.421827168	-0.57429109
0.1225	0.938838469	-0.266467415	-0.677779046	0.994341441	-0.405171679	-0.589169762
0.12255	0.935931581	-0.261109201	-0.679459054	0.992240063	-0.388441144	-0.603798919
0.1226	0.927186923	-0.247100159	-0.68143183	0.989829745	-0.371716629	-0.618113116
0.12265	0.917931668	-0.227315962	-0.68876854	0.987104865	-0.354923469	-0.632181396
0.1227	0.910900002	-0.207149997	-0.700344915	0.984051796	-0.337975428	-0.646076368
0.12275	0.906390161	-0.189818819	-0.713258127	0.98066245	-0.320844146	-0.659818304
0.1228	0.903328506	-0.175381255	-0.725508282	0.976938163	-0.303553237	-0.673384926
0.12285	0.900377585	-0.162169349	-0.736526243	0.972885495	-0.286142073	-0.686743422
0.1229	0.896624852	-0.148554753	-0.746583323	0.968510363	-0.268638026	-0.699872337
0.12295	0.891776965	-0.133843877	-0.756115737	0.96381514	-0.25104986	-0.71276528
0.123	0.88601284	-0.118219381	-0.765401454	0.958799312	-0.233375452	-0.72542386
0.12305	0.879709485	-0.102232498	-0.774543283	0.953461729	-0.215612024	-0.737849705
0.1231	0.873206512	-0.086345862	-0.783558939	0.947802377	-0.197761749	-0.750040628
0.12315	0.866686474	-0.070745166	-0.792445517	0.941822856	-0.17983192	-0.761990937
0.1232	0.860169286	-0.055383125	-0.801194124	0.935525856	-0.161832332	-0.773693524
0.12325	0.853574687	-0.040116638	-0.80978443	0.92891438	-0.143772678	-0.785141702
0.1233	0.846798934	-0.024822088	-0.81818587	0.921991237	-0.125661278	-0.796329959
0.12335	0.839768619	-0.009444141	-0.826369226	0.914758938	-0.107505115	-0.807253823
0.1234	0.832459197	0.006011066	-0.834318401	0.907219864	-0.089310483	-0.817909381
0.12345	0.824885389	0.021506825	-0.84203359	0.899376491	-0.071083641	-0.828292849
0.1235	0.817079267	0.03700475	-0.849525421	0.891231548	-0.05283117	-0.838400379
0.12355	0.809070323	0.052480128	-0.856805691	0.882788073	-0.034560024	-0.848228049
0.1236	0.80087506	0.067924077	-0.863880672	0.874049372	-0.01627741	-0.857771963
0.12365	0.792496437	0.083338208	-0.870749507	0.865018963	0.002009385	-0.867028348
0.1237	0.783929274	0.098727614	-0.877406616	0.855700507	0.020293118	-0.875993625
0.12375	0.775166786	0.114095734	-0.883845389	0.84609778	0.038566654	-0.884664434
0.1238	0.766205042	0.129442211	-0.890060868	0.836214658	0.056822966	-0.893037623
0.12385	0.757044334	0.144763192	-0.896050594	0.826055132	0.075055101	-0.901110233
0.1239	0.747688202	0.160052877	-0.901813974	0.81562332	0.09325615	-0.90887947
0.12395	0.738141531	0.175305166	-0.907351121	0.804923484	0.111419216	-0.9163427
0.124	0.72840891	0.190514736	-0.912661896	0.793960028	0.129537417	-0.923497445
0.12405	0.718493837	0.20567735	-0.917745509	0.782737496	0.147603895	-0.93034139
0.1241	0.70839875	0.220789603	-0.922600601	0.771260559	0.165611829	-0.936872388
0.12415	0.698125499	0.235848441	-0.927225566	0.759534007	0.183554459	-0.943088465
0.1242	0.687675887	0.250850739	-0.931618855	0.747562732	0.201425094	-0.948987826
0.12425	0.67705202	0.265793091	-0.935779151	0.735351733	0.219217115	-0.954568848
0.1243	0.666256388	0.280671812	-0.939705392	0.722906104	0.236923981	-0.959830085
0.12435	0.655291779	0.295483063	-0.9433967	0.710231037	0.254539225	-0.964770262
0.1244	0.644161113	0.310222992	-0.946852288	0.697331816	0.272056456	-0.969388272
0.12445	0.632867314	0.324887833	-0.950071394	0.684213818	0.289469364	-0.973683182
0.1245	0.621413252	0.339473929	-0.953053257	0.670882501	0.306771722	-0.977654223
0.12455	0.609801746	0.353977714	-0.95579713	0.657343403	0.323957395	-0.981300798
0.1246	0.598035606	0.368395667	-0.958302302	0.643602135	0.34102034	-0.984622475
0.12465	0.586117677	0.38272428	-0.960568125	0.629664375	0.357954615	-0.98761899
0.1247	0.574050862	0.396960038	-0.962594021	0.615535862	0.374754378	-0.99029024
0.12475	0.561838132	0.411099429	-0.964379491	0.601222394	0.391413892	-0.992636287
0.1248	0.54948251	0.425138948	-0.965924101	0.586729823	0.407927528	-0.994657351
0.12485	0.536987065	0.439075115	-0.967227479	0.572064046	0.424289767	-0.996353813
0.1249	0.524354893	0.45290448	-0.968289312	0.557231007	0.4404952	-0.997726207
0.12495	0.511589119	0.466623629	-0.969109341	0.542236683	0.456538538	-0.998775221
0.125	0.498692891	0.48022918	-0.969687362	0.527087091	0.472414605	-0.999501696
0.12505	0.485669387	0.493717781	-0.970023229	0.511788271	0.488118347	-0.999906618
0.1251	0.472521816	0.507086107	-0.970116859	0.496346289	0.503644833	-0.999991122
0.12515	0.45925342	0.520330862	-0.969968226	0.480767231	0.518989253	-0.999756483
0.1252	0.489941608	0.363866243	-0.884741248	0.465057195	0.534146924	-0.999204118
0.12525	0.509457333	0.319499572	-0.861378856	0.45082077	0.547616442	-0.998437212
0.1253	0.521396489	0.311376004	-0.857871189	0.437171906	0.560298212	-0.997470119
0.12535	0.524311676	0.314387451	-0.855513728	0.423805159	0.572502858	-0.996308017
0.1254	0.51874547	0.320631089	-0.848903678	0.410576812	0.584376087	-0.994952899
0.12545	0.507639256	0.327631812	-0.839147426	0.397396271	0.596007567	-0.993403838
0.1255	0.494480013	0.334611027	-0.829126471	0.384211014	0.607448383	-0.991659397
0.12555	0.481699984	0.341340535	-0.820840009	0.371003442	0.618716741	-0.989720183
0.1256	0.470169435	0.347790283	-0.814664661	0.357780209	0.629809464	-0.987589673
0.12565	0.459591153	0.354004203	-0.809828225	0.344557205	0.640716015	-0.985273221
0.1257	0.449226559	0.360042574	-0.805251622	0.331347513	0.651428819	-0.982776332
0.12575	0.438474921	0.365952763	-0.800169165	0.318156185	0.661947169	-0.980103355
0.1258	0.427110047	0.371759576	-0.794327959	0.304981166	0.672275969	-0.977257136
0.12585	0.415226117	0.37746877	-0.787862025	0.291817167	0.682422302	-0.974239469
0.1259	0.40305469	0.383076109	-0.781047302	0.278659342	0.692392475	-0.971051817
0.12595	0.390799378	0.388575647	-0.774105452	0.265505097	0.702190733	-0.967695829
0.126	0.378558198	0.393964141	-0.767124727	0.252353983	0.711819488	-0.964173472
0.12605	0.345791474	0.448221819	-0.773563002	0.239206578	0.72128027	-0.960486848
0.1261	0.279867474	0.578576449	-0.807938343	0.225575102	0.730916725	-0.956491827
0.12615	0.216755189	0.704980404	-0.854890704	0.210716015	0.741222804	-0.951938819
0.1262	0.178428801	0.778595352	-0.895529341	0.194727553	0.752083623	-0.946811176
0.12625	0.161769192	0.799813615	-0.91754281	0.178190717	0.763070149	-0.941260865
0.1263	0.152207797	0.793476886	-0.918672034	0.161611261	0.773835435	-0.935446696
0.12635	0.138732208	0.78296065	-0.904841152	0.145174724	0.784263398	-0.929438122
0.1264	0.119144698	0.779520801	-0.885309649	0.128820165	0.794399573	-0.923219738
0.12645	0.097012234	0.784208732	-0.867873467	0.112422048	0.804324253	-0.9167463
0.1265	0.076472163	0.793811818	-0.856269001	0.095912273	0.814076709	-0.909988982
0.12655	0.059254944	0.805103456	-0.850215043	0.079300858	0.823647625	-0.902948483
0.1266	0.044652932	0.816216347	-0.84713645	0.062637259	0.833006211	-0.89564347
0.12665	0.030977966	0.826378618	-0.844179099	0.045967076	0.842126438	-0.888093514
0.1267	0.016899565	0.835372913	-0.839523749	0.029312188	0.850997183	-0.880309371
0.12675	0.001950498	0.843263954	-0.832716464	0.012673649	0.859619025	-0.872292675
0.1268	-0.013666966	0.850319264	-0.824284467	-0.003955961	0.867996608	-0.864040647
0.12685	-0.029517152	0.856923818	-0.815104538	-0.020582198	0.876133048	-0.855550849
0.1269	-0.045258647	0.863434731	-0.80589672	-0.037204637	0.884028145	-0.846823508
0.12695	-0.060755648	0.870050584	-0.797000366	-0.053817714	0.891679197	-0.837861482
0.127	-0.07603417	0.876773547	-0.788402084	-0.070413485	0.899082576	-0.828669091
0.12705	-0.091187942	0.883470149	-0.779894181	-0.086984037	0.906234931	-0.819250894
0.1271	-0.106304577	0.88997512	-0.771242484	-0.103522721	0.913133687	-0.809610966
0.12715	-0.121433064	0.896174096	-0.762292105	-0.120024324	0.919777026	-0.799752702
0.1272	-0.136583228	0.902032935	-0.752996009	-0.136484643	0.926163621	-0.789678978
0.12725	-0.151739869	0.907579831	-0.74338854	-0.152899896	0.93229235	-0.779392453
0.1273	-0.166878657	0.912867069	-0.733538113	-0.169266239	0.938162091	-0.768895852
0.12735	-0.181977592	0.917938088	-0.72350665	-0.185579508	0.943771648	-0.758192141
0.1274	-0.197022529	0.922812333	-0.713328837	-0.201835192	0.949119763	-0.747284571
0.12745	-0.21200769	0.927486894	-0.703010934	-0.21802856	0.954205182	-0.736176622
0.1275	-0.226933052	0.931946898	-0.692541324	-0.234154837	0.959026725	-0.724871888
0.12755	-0.241800686	0.936176369	-0.681903682	-0.250209349	0.963583333	-0.713373984
0.1276	-0.256611748	0.940164789	-0.671086483	-0.266187587	0.96787408	-0.701686493
0.12765	-0.271364986	0.943908574	-0.660086612	-0.282085196	0.971898155	-0.689812959
0.1277	-0.286056766	0.947409128	-0.648908143	-0.297897923	0.975654847	-0.677756923
0.12775	-0.300682044	0.950669773	-0.637558788	-0.31362156	0.979143521	-0.665521962
0.1278	-0.315235517	0.953693291	-0.626046415	-0.329251903	0.982363616	-0.653111713
0.12785	-0.329712419	0.95648076	-0.614376978	-0.34478475	0.985314639	-0.640529889
0.1279	-0.344108785	0.959031593	-0.602554104	-0.360215915	0.987996174	-0.627780259
0.12795	-0.358421285	0.96134423	-0.59057979	-0.375541243	0.990407888	-0.614866645
0.128	-0.372646879	0.963416946	-0.578455472	-0.390756633	0.992549528	-0.601792895
0.12805	-0.386782506	0.9652484	-0.566182885	-0.405858042	0.994420927	-0.588562885
0.1281	-0.400824921	0.966837823	-0.553764449	-0.42084149	0.996021999	-0.575180509
0.12815	-0.414770685	0.968184932	-0.541203241	-0.435703049	0.997352737	-0.561649688
0.1282	-0.42861625	0.969289704	-0.528502724	-0.450438843	0.998413211	-0.547974369
0.12825	-0.442358055	0.970152171	-0.515666455	-0.46504504	0.99920357	-0.53415853
0.1283	-0.455992605	0.970772301	-0.502697889	-0.47951786	0.999724039	-0.520206179
0.12835	-0.469516494	0.971149977	-0.489600324	-0.493853567	0.999974917	-0.50612135
0.1284	-0.482926396	0.971285047	-0.476376938	-0.508048478	0.99995658	-0.491908103
0.12845	-0.49621904	0.971177384	-0.463030875	-0.522098964	0.999669482	-0.477570518
0.1285	-0.509391183	0.97082694	-0.44956532	-0.53600145	0.999114146	-0.463112696
0.12855	-0.522439598	0.970233766	-0.435983537	-0.549752417	0.998291172	-0.448538755
0.1286	-0.53536107	0.969398013	-0.422288869	-0.563348401	0.997201233	-0.433852832
0.12865	-0.548152403	0.96831991	-0.40848472	-0.576785994	0.995845072	-0.419059078
0.1287	-0.56081043	0.966999748	-0.394574531	-0.590061842	0.994223503	-0.404161661
0.12875	-0.573332018	0.965437871	-0.380561762	-0.603172649	0.992337413	-0.389164764
0.1288	-0.585714074	0.96363467	-0.36644988	-0.616115176	0.990187757	-0.374072581
0.12885	-0.597953541	0.961590585	-0.352242366	-0.628886239	0.987775559	-0.35888932
0.1289	-0.610047403	0.959306115	-0.337942717	-0.641482714	0.985101911	-0.343619198
0.12895	-0.621992678	0.956781817	-0.323554452	-0.653901533	0.982167974	-0.328266441
0.129	-0.633786422	0.954018309	-0.309081116	-0.66613969	0.978974974	-0.312835284
0.12905	-0.645425723	0.951016275	-0.29452628	-0.678194235	0.975524203	-0.297329968
0.1291	-0.656907711	0.947776456	-0.279893535	-0.690062279	0.971817019	-0.28175474
0.12915	-0.66822955	0.944299654	-0.265186497	-0.701740992	0.967854844	-0.266113852
0.1292	-0.679388447	0.94058673	-0.250408797	-0.713227604	0.963639163	-0.250411558
0.12925	-0.690381647	0.936638599	-0.235564082	-0.724519407	0.959171524	-0.234652117
0.1293	-0.701206437	0.932456236	-0.220656015	-0.735613751	0.954453538	-0.218839787
0.12935	-0.711860147	0.928040674	-0.205688276	-0.746508049	0.949486876	-0.202978827
0.1294	-0.722340148	0.923393	-0.190664555	-0.757199774	0.94427327	-0.187073496
0.12945	-0.732643855	0.918514362	-0.175588561	-0.767686462	0.938814512	-0.17112805
0.1295	-0.742768724	0.913405963	-0.160464013	-0.777965708	0.933112451	-0.155146743
0.12955	-0.752712257	0.908069064	-0.145294644	-0.788035172	0.927168996	-0.139133824
0.1296	-0.762472001	0.902504984	-0.130084197	-0.797892574	0.920986114	-0.12309354
0.12965	-0.772045547	0.896715093	-0.114836426	-0.807535697	0.914565826	-0.107030128
0.1297	-0.603921583	0.732888379	-0.18311198	-0.816962388	0.90791021	-0.090947822
0.12975	-0.525350005	0.696281887	-0.223194849	-0.825497079	0.901538811	-0.076041731
0.1298	-0.488688791	0.695381174	-0.243422901	-0.833352298	0.895364942	-0.062012644
0.12985	-0.471984369	0.695446425	-0.246983685	-0.840713233	0.889292587	-0.048579354
0.1299	-0.465193186	0.687696058	-0.23769563	-0.84774315	0.883217483	-0.035474333
0.12995	-0.46345369	0.673957078	-0.22083579	-0.854565619	0.877047417	-0.022481798
0.13	-0.464280355	0.658688763	-0.201574503	-0.861251924	0.870721228	-0.009469304
0.13005	-0.466364696	0.645159574	-0.18344149	-0.867825687	0.864213823	0.003611865
0.1301	-0.469027255	0.634383846	-0.167819676	-0.874280093	0.857527652	0.016752441
0.13015	-0.47193488	0.625648909	-0.154407899	-0.880597425	0.850677965	0.02991946
0.1302	-0.474936524	0.617580874	-0.142119094	-0.886762969	0.843679596	0.043083373
0.13025	-0.477964832	0.60902629	-0.129886302	-0.892770607	0.836539738	0.056230869
0.1303	-0.496232418	0.607832326	-0.104838629	-0.898621852	0.829257074	0.069364778
0.13035	-0.590769108	0.648637457	-0.024079514	-0.904382624	0.821743814	0.08263881
0.1304	-0.718277563	0.712632111	0.066469935	-0.910311964	0.813623687	0.096688277
0.13045	-0.818799408	0.767205028	0.12151253	-0.916409309	0.804824739	0.11158457
0.1305	-0.871292179	0.793252596	0.138615374	-0.922466027	0.795586602	0.126879425
0.13055	-0.888106255	0.789602311	0.140887525	-0.928303837	0.786159666	0.142144172
0.1306	-0.890521668	0.766617192	0.14889458	-0.933879226	0.776620407	0.157258819
0.13065	-0.892359875	0.737437201	0.168183408	-0.939237739	0.766897109	0.17234063
0.1307	-0.897473897	0.711838547	0.193184736	-0.94442842	0.756891606	0.187536814
0.13075	-0.904508176	0.694037947	0.216472547	-0.949459037	0.746567067	0.20289197
0.1308	-0.91156708	0.683513986	0.234545345	-0.954301962	0.735957518	0.218344445
0.13085	-0.917941776	0.677201823	0.248217593	-0.958921369	0.725127849	0.23379352
0.1309	-0.923726295	0.671675263	0.26016592	-0.96329373	0.714131042	0.249162688
0.13095	-0.929047956	0.664550604	0.272602131	-0.967412399	0.702988979	0.26442342
0.131	-0.933803911	0.654940423	0.286377565	-0.971281536	0.69169691	0.279584626
0.13105	-0.937837851	0.64318112	0.301267628	-0.974907963	0.680238442	0.294669521
0.1311	-0.941157107	0.630220453	0.316643119	-0.978296071	0.668598859	0.309697212
0.13115	-0.943959302	0.617021158	0.331964591	-0.981446535	0.656771526	0.324675009
0.1312	-0.946502122	0.604194151	0.346956605	-0.984357343	0.644758048	0.339599294
0.13125	-0.948961163	0.591908583	0.361570136	-0.987025433	0.63256521	0.354460223
0.1313	-0.95137433	0.580004398	0.375879325	-0.989447939	0.620201386	0.369246553
0.13135	-0.953676215	0.568185224	0.389994694	-0.991622755	0.607673947	0.383948808
0.1314	-0.955769737	0.556186403	0.404011893	-0.993548555	0.594988084	0.398560471
0.13145	-0.957583156	0.543863901	0.417988531	-0.995224532	0.58214686	0.413077672
0.1315	-0.959090868	0.531201683	0.431939994	-0.996650083	0.569152007	0.427498076
0.13155	-0.960304459	0.518267435	0.445848512	-0.997824588	0.556004922	0.441819666
0.1316	-0.961251778	0.505154302	0.459679767	-0.998747337	0.54270746	0.456039877
0.13165	-0.961958725	0.491936486	0.473399924	-0.999417557	0.529262284	0.470155273
0.1317	-0.962440083	0.478649983	0.48698686	-0.999834494	0.515672818	0.484161676
0.13175	-0.962698784	0.465295603	0.500433037	-0.99999748	0.501942944	0.498054536
0.1318	-0.962729948	0.45185411	0.513741636	-0.999905964	0.48807666	0.511829304
0.13185	-0.962526018	0.438302836	0.526919902	-0.999559511	0.474077842	0.525481668
0.1319	-0.962080675	0.424626905	0.53997344	-0.998957777	0.459950165	0.539007612
0.13195	-0.961390685	0.410822989	0.552903417	-0.998100494	0.445697151	0.552403343
0.132	-0.960455905	0.396897197	0.565706649	-0.99698746	0.431322281	0.565665179
0.13205	-0.959278189	0.382860265	0.57837738	-0.995618543	0.4168291	0.578789443
0.1321	-0.957860021	0.36872294	0.590909338	-0.99399369	0.402221275	0.591772414
0.13215	-0.956203474	0.354493231	0.603297169	-0.992112937	0.387502609	0.604610328
0.1322	-0.954309752	0.340175812	0.615536938	-0.989976411	0.372677008	0.617299403
0.13225	-0.952179257	0.325772934	0.627625899	-0.98758433	0.357748449	0.629835882
0.1323	-0.949811956	0.311285889	0.639561917	-0.984936999	0.342720945	0.642216055
0.13235	-0.947207791	0.296716265	0.651342922	-0.982034807	0.32759853	0.654436277
0.1324	-0.944366955	0.282066582	0.662966564	-0.978878224	0.312385257	0.666492966
0.13245	-0.941289987	0.267340335	0.674430133	-0.975467803	0.297085209	0.678382594
0.1325	-0.937977719	0.252541649	0.685730665	-0.971804183	0.281702501	0.690101682
0.13255	-0.934431151	0.23767485	0.696865107	-0.967888089	0.266241297	0.701646791
0.1326	-0.930651341	0.222744135	0.707830473	-0.963720333	0.250705803	0.71301453
0.13265	-0.926639331	0.207753426	0.718623921	-0.959301818	0.235100266	0.724201551
0.1327	-0.92239614	0.192706402	0.729242769	-0.954633533	0.219428973	0.735204559
0.13275	-0.917922781	0.177606604	0.739684449	-0.949716554	0.20369624	0.746020314
0.1328	-0.913220302	0.162457565	0.749946465	-0.944552045	0.187906411	0.756645634
0.13285	-0.908289813	0.147262888	0.760026348	-0.939141254	0.172063856	0.767077398
0.1329	-0.903132507	0.132026273	0.769921642	-0.933485515	0.156172965	0.777312549
0.13295	-0.897749652	0.116751502	0.779629905	-0.927586246	0.140238155	0.787348091
0.133	-0.892142591	0.101442399	0.78914872	-0.921444953	0.124263862	0.797181091
0.13305	-0.886312723	0.086102796	0.798475718	-0.915063224	0.108254541	0.806808683
0.1331	-0.880261501	0.070736512	0.807608578	-0.908442733	0.092214667	0.816228066
0.13315	-0.873990423	0.055347347	0.816545041	-0.901585237	0.076148727	0.82543651
0.1332	-0.867501036	0.039939089	0.825282905	-0.894492576	0.060061224	0.834431352
0.13325	-0.860794938	0.024515523	0.833820018	-0.887166672	0.043956671	0.843210002
0.1333	-0.853873779	0.00908044	0.842154282	-0.879609528	0.027839586	0.851769943
0.13335	-0.847691261	-0.003462822	0.849149542	-0.871823228	0.011714496	0.860108732
0.1334	-0.842480688	-0.013050147	0.854631256	-0.863829803	-0.004374628	0.868204431
0.13345	-0.837610592	-0.021746379	0.859343395	-0.855655079	-0.020380883	0.876035961
0.1335	-0.832814606	-0.030196646	0.863580252	-0.84731275	-0.036284738	0.883597488
0.13355	-0.827981673	-0.038590325	0.867483063	-0.838812261	-0.052076099	0.89088836
0.1336	-0.823059469	-0.046974767	0.87112238	-0.830161511	-0.067748303	0.897909814
0.13365	-0.818014138	-0.055355892	0.874527143	-0.82136779	-0.08329608	0.90466387
0.1337	-0.812819348	-0.063729314	0.877704411	-0.812438102	-0.098714854	0.911152956
0.13375	-0.807456186	-0.072089204	0.880654026	-0.803379261	-0.114000512	0.917379772
0.1338	-0.801913612	-0.080430361	0.88337603	-0.794197917	-0.129149322	0.923347238
0.13385	-0.796186685	-0.088748455	0.885872019	-0.784900555	-0.144157902	0.929058457
0.1339	-0.790273794	-0.097039876	0.888143853	-0.775493499	-0.159023198	0.934516697
0.13395	-0.594862418	-0.10588072	0.664401316	-0.765982898	-0.173742465	0.939725362
0.134	-0.495469608	-0.118072571	0.572334251	-0.756079851	-0.188755844	0.944835695
0.13405	-0.450958232	-0.116487735	0.536686491	-0.745808564	-0.204007487	0.949816051
0.1341	-0.449809184	-0.085560656	0.524932961	-0.735344324	-0.219227781	0.954572106
0.13415	-0.467364848	-0.049305558	0.522932224	-0.725024869	-0.233938908	0.958963777
0.1342	-0.482100396	-0.029523378	0.524052132	-0.714976215	-0.247992494	0.962968709
0.13425	-0.483523014	-0.032891141	0.525416659	-0.705094182	-0.26156336	0.966657542
0.1343	-0.471692601	-0.053484821	0.526191044	-0.695171001	-0.274952016	0.970123017
0.13435	-0.452426421	-0.080588955	0.526512181	-0.685024828	-0.288404172	0.973429
0.1344	-0.432158023	-0.105415793	0.526776029	-0.674565986	-0.302029566	0.976595552
0.13445	-0.425005564	-0.152096159	0.561523237	-0.663795384	-0.315815027	0.979610411
0.1345	-0.45694984	-0.258313753	0.693155416	-0.652568207	-0.329929316	0.982497523
0.13455	-0.511041773	-0.354093973	0.84587034	-0.640536129	-0.344777123	0.985313251
0.1346	-0.559670088	-0.399250213	0.950280716	-0.627890888	-0.36008332	0.987974208
0.13465	-0.585601551	-0.403936954	0.990658696	-0.615065538	-0.375307467	0.990373005
0.1347	-0.586776513	-0.398090388	0.988960367	-0.602330053	-0.390137281	0.992467334
0.13475	-0.571207384	-0.402391519	0.974176653	-0.589675657	-0.404599062	0.99427472
0.1348	-0.549394186	-0.419885074	0.963945744	-0.57694078	-0.418887018	0.995827798
0.13485	-0.529021086	-0.4430436	0.962351922	-0.563981369	-0.433162279	0.997143648
0.1349	-0.513236509	-0.463865005	0.96608013	-0.550754979	-0.447465311	0.99822029
0.13495	-0.501571961	-0.479182667	0.970770357	-0.537306205	-0.461741675	0.99904788
0.135	-0.491880195	-0.490375815	0.974019985	-0.52370737	-0.475911822	0.999619192
0.13505	-0.482031672	-0.50047857	0.975446311	-0.510009336	-0.489923421	0.999932757
0.1351	-0.470807835	-0.511700141	0.975610358	-0.496225578	-0.503764948	0.999990526
0.13515	-0.458011443	-0.524592674	0.975128746	-0.482343006	-0.517451538	0.999794544
0.1352	-0.44410971	-0.538527856	0.974352253	-0.468341552	-0.531003808	0.999345359
0.13525	-0.429762886	-0.55257639	0.973412031	-0.454208444	-0.544433863	0.998642307
0.1353	-0.415477421	-0.566119476	0.972344736	-0.439942575	-0.557741962	0.997684537
0.13535	-0.40146906	-0.579004946	0.971156839	-0.425551477	-0.570920284	0.996471761
0.1354	-0.38770153	-0.59139529	0.969831287	-0.41104579	-0.583958592	0.995004382
0.13545	-0.374011069	-0.603537872	0.968325229	-0.396434905	-0.596848284	0.993283188
0.1355	-0.360230206	-0.615608459	0.966584486	-0.381725156	-0.609583816	0.991308972
0.13555	-0.346260566	-0.627665302	0.964567545	-0.366920169	-0.622162155	0.989082324
0.1356	-0.332086212	-0.639678992	0.962260996	-0.352022201	-0.634581447	0.986603648
0.13565	-0.317746985	-0.651586164	0.959677718	-0.337033474	-0.646839828	0.983873302
0.1357	-0.303299783	-0.663331409	0.956842751	-0.321956945	-0.658934812	0.980891757
0.13575	-0.288789041	-0.674885409	0.953777888	-0.306796448	-0.670863236	0.977659684
0.1358	-0.274234916	-0.686243588	0.950493278	-0.29155643	-0.682621529	0.974177959
0.13585	-0.259636681	-0.697415403	0.94698767	-0.276241554	-0.694206054	0.970447608
0.1359	-0.244983446	-0.708413046	0.943253917	-0.260856394	-0.705613343	0.966469737
0.13595	-0.230264605	-0.719244252	0.939285014	-0.2454053	-0.716840189	0.962245489
0.136	-0.215475712	-0.729910105	0.935077607	-0.229892421	-0.72788361	0.957776031
0.13605	-0.200619259	-0.740406454	0.930632407	-0.214321805	-0.73874076	0.953062565
0.1361	-0.18570221	-0.750726799	0.925952625	-0.198697507	-0.749408854	0.948106361
0.13615	-0.170732703	-0.760864895	0.921041992	-0.183023653	-0.759885118	0.942908771
0.1362	-0.155717682	-0.770816166	0.915903437	-0.16730445	-0.770166793	0.937471243
0.13625	-0.140662046	-0.780577868	0.910538713	-0.151544164	-0.780251151	0.931795315
0.1363	-0.125569025	-0.790148457	0.904948728	-0.135747081	-0.790135519	0.925882601
0.13635	-0.110441105	-0.799526745	0.899134116	-0.119917483	-0.799817304	0.919734787
0.1364	-0.095280871	-0.808711285	0.893095695	-0.104059631	-0.809293988	0.913353619
0.13645	-0.080091449	-0.817700137	0.886834677	-0.088177769	-0.818563138	0.906740906
0.1365	-0.064876535	-0.826490959	0.880352632	-0.07227613	-0.827622389	0.899898518
0.13655	-0.049640176	-0.835081255	0.87365135	-0.056358945	-0.836469446	0.892828391
0.1366	-0.034386497	-0.843468592	0.866732685	-0.040430448	-0.845102078	0.885532527
0.13665	-0.019119517	-0.851650733	0.859598467	-0.024494871	-0.853518122	0.878012993
0.1367	-0.004699754	-0.858955971	0.852780992	-0.008556444	-0.861715479	0.870271923
0.13675	0.006864039	-0.864083169	0.847454372	0.007366036	-0.869684927	0.862318891
0.1368	0.016889674	-0.868230585	0.842691641	0.023221313	-0.877402535	0.854181223
0.13685	0.026152238	-0.871929648	0.838002647	0.038981726	-0.884858021	0.845876296
0.1369	0.03501785	-0.875388216	0.833216513	0.054632537	-0.892048288	0.83741575
0.13695	0.043664674	-0.878681767	0.82828309	0.07016477	-0.898973396	0.828808626
0.137	0.05218232	-0.881818203	0.82318196	0.085572113	-0.905634862	0.820062748
0.13705	0.060617336	-0.884776226	0.817895984	0.100849588	-0.912034927	0.811185338
0.1371	0.068994393	-0.887531644	0.812411584	0.115992995	-0.918176257	0.802183262
0.13715	0.077326465	-0.890069569	0.806722638	0.130998683	-0.924061808	0.793063125
0.1372	0.085620019	-0.892384943	0.800830141	0.14586344	-0.929694752	0.783831312
0.13725	0.093877854	-0.894477854	0.794738696	0.160584428	-0.935078433	0.774494006
0.1373	0.102100723	-0.896349152	0.788453106	0.175159138	-0.940216337	0.765057198
0.13735	0.110288252	-0.897998572	0.781976775	0.189585365	-0.945112059	0.755526694
0.1374	0.118439442	-0.899424888	0.775311783	0.203861188	-0.949769294	0.745908106
0.13745	0.126552926	-0.900626736	0.768459628	0.217984965	-0.954191818	0.736206852
0.1375	0.134627114	-0.901603188	0.761421843	0.231955324	-0.95838347	0.726428146
0.13755	0.142660268	-0.902353826	0.754200209	0.245771152	-0.962348145	0.716576994
0.1376	0.150650567	-0.902878543	0.746796686	0.259431586	-0.966089776	0.70665819
0.13765	0.161330316	-0.640708206	0.522931295	0.272936003	-0.969612319	0.696676316
0.1377	0.171541809	-0.560534127	0.42817535	0.287180476	-0.973135614	0.685955138
0.13775	0.179656682	-0.53843413	0.384832609	0.30177572	-0.976538247	0.674762527
0.1378	0.186633439	-0.533726452	0.362127281	0.316499263	-0.979755056	0.663255793
0.13785	0.193280641	-0.533792106	0.3480078	0.331238926	-0.982755058	0.651516132
0.1379	0.199980135	-0.534870388	0.337591657	0.345940482	-0.98552417	0.639583688
0.13795	0.206845877	-0.53593016	0.328825454	0.360577746	-0.988056022	0.627478276
0.138	0.213871286	-0.536744205	0.320810213	0.375137425	-0.990347595	0.61521017
0.13805	0.221606409	-0.538279561	0.313133248	0.389611946	-0.992397284	0.602785338
0.1381	0.276960129	-0.610740347	0.304505925	0.404002331	-0.994204793	0.590202462
0.13815	0.380842948	-0.748844228	0.30141918	0.41877669	-0.995816703	0.577040013
0.1382	0.45957303	-0.885970174	0.342898505	0.43431249	-0.997239251	0.562926761
0.13825	0.485255222	-0.974479372	0.415402664	0.450010033	-0.998386053	0.54837602
0.1383	0.475833052	-1.010639319	0.48364433	0.465126077	-0.999207219	0.534081142
0.13835	0.461819336	-1.014099276	0.521830765	0.479360083	-0.999719799	0.520359716
0.1384	0.461970551	-1.004166176	0.523986449	0.492881277	-0.999966375	0.507085098
0.13845	0.477978865	-0.991478884	0.500104062	0.506064332	-0.999975383	0.493911051
0.1385	0.501783078	-0.980213337	0.46613805	0.519222876	-0.999750414	0.480527538
0.13855	0.524793298	-0.972048614	0.435149533	0.532487695	-0.999280437	0.466792741
0.1386	0.542767159	-0.967809221	0.413212057	0.54582669	-0.998554385	0.452727695
0.13865	0.555862305	-0.967296034	0.399938092	0.559131418	-0.997569221	0.438437803
0.1387	0.566357271	-0.969099633	0.39145685	0.572298081	-0.996329426	0.424031345
0.13875	0.576481903	-0.971195496	0.383533044	0.585268631	-0.994841886	0.409573255
0.1388	0.587415204	-0.971925334	0.37346726	0.59803296	-0.993111167	0.395078207
0.13885	0.59931423	-0.970640426	0.360533243	0.610609922	-0.99113777	0.380527849
0.1389	0.611789017	-0.967681402	0.345421892	0.623025245	-0.98891919	0.365893946
0.13895	0.624352924	-0.963884609	0.329356613	0.635296791	-0.986452171	0.35115538
0.139	0.636664194	-0.960023914	0.313379872	0.647429644	-0.983734626	0.336304983
0.13905	0.648579072	-0.956490087	0.298019938	0.659418437	-0.980766431	0.321347994
0.1391	0.660104753	-0.953272358	0.283304121	0.671252774	-0.977549112	0.306296338
0.13915	0.671325237	-0.950129263	0.268963514	0.682922264	-0.974084943	0.291162679
0.1392	0.682337953	-0.946790604	0.254666715	0.694419397	-0.970376029	0.275956632
0.13925	0.693214143	-0.943085469	0.240178661	0.70574007	-0.966423794	0.260683723
0.1393	0.703983876	-0.938971653	0.225414217	0.716882564	-0.962228945	0.245346381
0.13935	0.714640681	-0.934497426	0.210410034	0.727846026	-0.957791788	0.229945762
0.1394	0.725157315	-0.929742375	0.195260212	0.738629274	-0.95311263	0.214483356
0.13945	0.735503308	-0.924771667	0.180056318	0.74923026	-0.948192076	0.198961816
0.1395	0.745657134	-0.919616572	0.164853623	0.759646128	-0.943031125	0.183384997
0.13955	0.755610235	-0.914277306	0.149665915	0.769873588	-0.937631098	0.16775751
0.1396	0.765364297	-0.908737012	0.134478963	0.779909329	-0.931993481	0.152084152
0.13965	0.774925473	-0.902976368	0.11926947	0.789750275	-0.926119787	0.136369512
0.1397	0.784299112	-0.89698282	0.104019658	0.799393661	-0.920011477	0.120617816
0.13975	0.793486983	-0.89075319	0.08872353	0.808836965	-0.913669966	0.104833001
0.1398	0.802487122	-0.88429153	0.073385794	0.818077796	-0.907096666	0.08901887
0.13985	0.811295297	-0.877605087	0.058016984	0.827113796	-0.900293044	0.073179248
0.1399	0.819906799	-0.870700756	0.042628316	0.835942595	-0.893260665	0.05731807
0.13995	0.82831769	-0.863583185	0.027228438	0.84456181	-0.886001199	0.041439389
0.14	0.836525231	-0.85625458	0.011822587	0.852969073	-0.878516416	0.025547343